name,enabled,n_phases,n_conds,base_freq,terminal1,terminal2,length,units,line_code,geometry
326,true,3,3,60,ckt7,318405,0.0001,none,,
333,true,3,3,60,ckt7,318412,0.0001,none,,
335,true,3,3,60,ckt7,318414,0.0001,none,,
150394,true,3,3,60,157345.1.2.3,157346.1.2.3,7.720029,m,99,
157109,true,3,3,60,165442.1.2.3,298160.1.2.3,227.5909,m,45,
157115,true,3,3,60,165448.1.2.3,275354.1.2.3,325.4212,m,45,
157116,true,3,3,60,165449.1.2.3,165450.1.2.3,51.07019,m,40,
157118,true,3,3,60,165453.1.2.3,165454.1.2.3,23.36009,m,40,
157119,true,3,3,60,165449.1.2.3,165451.1.2.3,86.07032,m,45,
157120,true,3,3,60,165454.1.2.3,238402.1.2.3,15.73006,m,40,
157121,true,3,3,60,165455.1.2.3,165456.1.2.3,11.21004,m,99,
157122,true,3,3,60,165452.1.2.3,283563.1.2.3,49.29019,m,40,
157123,true,3,3,60,165455.1.2.3,165457.1.2.3,21.35008,m,186,
157124,true,3,3,60,165458.1.2.3,165459.1.2.3,7.640028,m,99,
157126,true,3,3,60,165458.1.2.3,165460.1.2.3,15.62006,m,186,
157127,true,3,3,60,165460.1.2.3,165461.1.2.3,264.061,m,186,
157128,true,3,3,60,165461.1.2.3,165463.1.2.3,82.59031,m,186,
157129,true,3,3,60,165463.1.2.3,165462.1.2.3,100.9004,m,186,
157130,true,3,3,60,165465.1.2.3,165463.1.2.3,17.38006,m,186,
157131,true,3,3,60,165461.1.2.3,165466.1.2.3,173.2906,m,186,
157132,true,3,3,60,165451.1.2.3,165467.1.2.3,51.53019,m,40,
157133,true,3,3,60,165467.1.2.3,165468.1.2.3,28.48011,m,45,
157136,true,3,3,60,165475.1.2.3,165476.1.2.3,7.630028,m,99,
157137,true,3,3,60,165477.1.2.3,165476.1.2.3,34.38013,m,186,
157138,true,3,3,60,165475.1.2.3,273626.1.2.3,37.61014,m,40,
157142,true,3,3,60,165468.1.2.3,165469.1.2.3,28.2101,m,45,
157143,true,3,3,60,165469.1.2.3,165480.1.2.3,42.86016,m,45,
157144,true,3,3,60,165478.1.2.3,165479.1.2.3,31.57012,m,45,
157145,true,3,3,60,165480.1.2.3,165478.1.2.3,29.72011,m,45,
157147,true,3,3,60,165484.1.2.3,165483.1.2.3,22.03008,m,186,
157148,true,3,3,60,165483.1.2.3,261839.1.2.3,5.26002,m,186,
157149,true,3,3,60,261838.1.2.3,165478.1.2.3,34.73013,m,40,
157150,true,3,3,60,165479.1.2.3,165486.1.2.3,45.86017,m,40,
157151,true,3,3,60,165486.1.2.3,165485.1.2.3,18.35007,m,40,
157152,true,3,3,60,165479.1.2.3,165487.1.2.3,46.28017,m,45,
157153,true,1,1,60,165488.1,165489.1,7.630028,m,251,
157155,true,1,1,60,165488.1,165491.1,27.8401,m,62,
157156,true,1,1,60,165491.1,165490.1,48.30018,m,62,
157157,true,1,1,60,165490.1,165494.1,72.38026000000001,m,62,
157158,true,1,1,60,165490.1,165492.1,177.8307,m,62,
157159,true,1,1,60,165494.1,165493.1,110.7904,m,62,
157160,true,3,3,60,165487.1.2.3,283952.1.2.3,51.7402,m,45,
157163,true,3,3,60,165500.1.2.3,165501.1.2.3,7.470027,m,99,
157165,true,3,3,60,165495.1.2.3,165500.1.2.3,12.82005,m,40,
157167,true,3,3,60,165501.1.2.3,165503.1.2.3,54.6002,m,186,
157168,true,3,3,60,165495.1.2.3,165504.1.2.3,292.5211,m,40,
174945,true,3,3,60,181883.1.2.3,158676.1.2.3,574.9122,m,45,
174947,true,3,3,60,181889.1.2.3,181890.1.2.3,8.000031,m,99,
174948,true,3,3,60,181891.1.2.3,181892.1.2.3,7.530029,m,99,
174950,true,3,3,60,181884.1.2.3,181886.1.2.3,14.66006,m,40,
174951,true,3,3,60,181886.1.2.3,181889.1.2.3,6.460024,m,40,
174952,true,3,3,60,181886.1.2.3,181888.1.2.3,45.45017,m,40,
174953,true,3,3,60,181888.1.2.3,181885.1.2.3,46.11017,m,109,
174954,true,3,3,60,181885.1.2.3,181887.1.2.3,5.790021,m,109,
174955,true,3,3,60,181887.1.2.3,181891.1.2.3,16.82006,m,109,
174956,true,3,3,60,181890.1.2.3,181893.1.2.3,6.460024,m,186,
174957,true,3,3,60,181887.1.2.3,181894.1.2.3,90.93034,m,109,
174958,true,3,3,60,181895.1.2.3,181896.1.2.3,7.620028,m,99,
174959,true,3,3,60,181894.1.2.3,181895.1.2.3,36.05014,m,109,
174960,true,3,3,60,181896.1.2.3,181897.1.2.3,13.11005,m,186,
174961,true,1,1,60,181892.1,181898.1,76.16029,m,181,
174962,true,1,1,60,181898.1,181899.1,68.65026,m,181,
174963,true,1,1,60,181899.1,181900.1,20.43008,m,181,
174964,true,1,1,60,181900.1,181901.1,34.78013,m,181,
174965,true,1,1,60,181901.1,181902.1,53.0702,m,181,
174966,true,1,1,60,181892.3,181908.3,24.72009,m,181,
174967,true,1,1,60,181908.3,181903.3,5.800022,m,181,
174968,true,1,1,60,181908.3,181904.3,21.39008,m,181,
174969,true,1,1,60,181908.3,181905.3,50.91019,m,181,
174970,true,1,1,60,181905.3,181909.3,20.51008,m,181,
174971,true,1,1,60,181909.3,181907.3,9.150034,m,181,
174972,true,1,1,60,181909.3,181906.3,15.99006,m,181,
174973,true,1,1,60,181892.2,181910.2,178.4707,m,181,
174974,true,1,1,60,181910.2,181911.2,39.85015,m,181,
174975,true,1,1,60,181911.2,181916.2,59.36022,m,181,
174976,true,1,1,60,181916.2,181915.2,48.19018,m,181,
174977,true,1,1,60,181916.2,181912.2,22.28008,m,181,
174978,true,1,1,60,181912.2,181913.2,47.26017,m,181,
174979,true,1,1,60,181913.2,181914.2,5.790021,m,181,
174980,true,3,3,60,181883.1.2.3,181917.1.2.3,413.6915,m,45,
174981,true,3,3,60,181917.1.2.3,181920.1.2.3,10.67004,m,45,
174982,true,3,3,60,181917.1.2.3,181918.1.2.3,15.92006,m,45,
174983,true,3,3,60,181918.1.2.3,181919.1.2.3,33.13012,m,45,
174984,true,3,3,60,181919.1.2.3,152566.1.2.3,48.30018,m,45,
174987,true,3,3,60,181918.1.2.3,181925.1.2.3,56.17021,m,45,
174988,true,3,3,60,181925.1.2.3,181926.1.2.3,7.020026,m,45,
174989,true,3,3,60,181926.1.2.3,181927.1.2.3,8.250031,m,45,
174990,true,3,3,60,181925.1.2.3,181928.1.2.3,14.59006,m,45,
174991,true,3,3,60,181919.1.2.3,181924.1.2.3,15.69006,m,45,
174994,true,1,1,60,181933.3,181934.3,7.630028,m,251,
174995,true,3,3,60,255317.1.2.3,181929.1.2.3,82.40031,m,45,
174998,true,3,3,60,181929.1.2.3,181936.1.2.3,45.21017,m,45,
174999,true,3,3,60,181936.1.2.3,181932.1.2.3,34.30013,m,45,
175000,true,1,1,60,181932.3,181933.3,14.66006,m,62,
175001,true,3,3,60,181939.1.2.3,181940.1.2.3,7.720029,m,99,
175002,true,3,3,60,181927.1.2.3,181937.1.2.3,8.240030000000001,m,40,
175003,true,3,3,60,181937.1.2.3,181938.1.2.3,58.45022,m,40,
175004,true,3,3,60,181938.1.2.3,181940.1.2.3,22.44008,m,40,
175005,true,3,3,60,181939.1.2.3,181941.1.2.3,6.130023,m,186,
175006,true,1,1,60,181943.3,181944.3,7.640028,m,251,
175007,true,3,3,60,181932.1.2.3,181945.1.2.3,39.28015,m,45,
175008,true,3,3,60,181945.1.2.3,181942.1.2.3,40.63015,m,45,
175009,true,1,1,60,181942.3,181943.3,10.42004,m,62,
175010,true,1,1,60,236964.1,181946.1,66.19025000000001,m,181,
175011,true,1,1,60,181946.1,181953.1,82.01031,m,181,
175012,false,1,1,60,181953.1,181954.1,0.001,m,181,
175013,true,1,1,60,181946.1,181947.1,13.72005,m,181,
175014,true,1,1,60,181947.1,181950.1,16.20006,m,181,
175015,true,1,1,60,181947.1,181948.1,26.2101,m,181,
175016,true,1,1,60,181948.1,181951.1,9.150034,m,181,
175017,true,1,1,60,181948.1,181952.1,8.540031000000001,m,181,
175018,true,1,1,60,181954.1,181949.1,11.59004,m,181,
175019,true,1,1,60,181949.1,181955.1,15.59006,m,181,
175020,true,1,1,60,181949.1,181956.1,40.58015,m,181,
175021,true,1,1,60,181956.1,236966.1,117.8604,m,181,
175022,true,1,1,60,181944.3,181957.3,117.3904,m,181,
175023,true,1,1,60,181934.3,181958.3,49.15018,m,181,
175024,true,1,1,60,181958.3,181967.3,110.0404,m,181,
175025,true,1,1,60,181967.3,181966.3,49.76019,m,181,
175026,true,1,1,60,181966.3,181965.3,90.34032999999999,m,181,
175027,true,1,1,60,181965.3,181959.3,63.49024,m,181,
175028,false,1,1,60,181959.3,181963.3,0.001,m,181,
175029,true,1,1,60,181963.3,181957.3,88.88033,m,181,
175030,true,1,1,60,181963.3,181964.3,14.02005,m,181,
175031,true,1,1,60,181964.3,181960.3,15.24006,m,181,
175032,true,1,1,60,181964.3,181961.3,16.46006,m,181,
175033,true,1,1,60,181961.3,181962.3,27.2601,m,181,
175034,true,3,3,60,181969.1.2.3,181970.1.2.3,7.320028,m,99,
175035,true,3,3,60,181971.1.2.3,181972.1.2.3,7.640028,m,99,
175036,true,3,3,60,181973.1.2.3,181974.1.2.3,7.670029,m,99,
175037,true,3,3,60,181942.1.2.3,181968.1.2.3,42.58016,m,45,
175038,true,3,3,60,181968.1.2.3,181970.1.2.3,9.530035,m,45,
175040,true,3,3,60,181979.1.2.3,181971.1.2.3,13.16005,m,40,
175041,true,3,3,60,181979.1.2.3,181976.1.2.3,30.91012,m,40,
175042,true,3,3,60,181976.1.2.3,181977.1.2.3,43.77016,m,40,
175043,true,3,3,60,181977.1.2.3,181978.1.2.3,15.32006,m,40,
175044,true,3,3,60,181977.1.2.3,181973.1.2.3,12.08004,m,40,
175045,true,1,1,60,181978.2,181975.2,48.40018,m,62,
175046,true,1,1,60,181975.2,181982.2,59.33022,m,62,
175047,true,3,3,60,181974.1.2.3,181980.1.2.3,28.78011,m,186,
175048,true,3,3,60,181972.1.2.3,181981.1.2.3,33.91013,m,186,
175049,true,3,3,60,181968.1.2.3,165504.1.2.3,147.7505,m,45,
175051,true,3,3,60,165504.1.2.3,261881.1.2.3,30.52011,m,45,
175052,true,3,3,60,181987.1.2.3,181988.1.2.3,7.640028,m,99,
175053,true,3,3,60,181928.1.2.3,181985.1.2.3,44.66017,m,40,
175054,true,3,3,60,181985.1.2.3,181986.1.2.3,14.28005,m,40,
175055,true,3,3,60,181986.1.2.3,181987.1.2.3,152.2306,m,40,
175056,true,3,3,60,181988.1.2.3,181989.1.2.3,7.110027,m,186,
175057,true,3,3,60,181989.1.2.3,181992.1.2.3,9.090033999999999,m,186,
175058,true,3,3,60,181992.1.2.3,181990.1.2.3,19.10007,m,186,
175059,true,3,3,60,181992.1.2.3,181991.1.2.3,132.9805,m,186,
175060,true,3,3,60,181926.1.2.3,181993.1.2.3,118.6904,m,45,
175061,true,3,3,60,181993.1.2.3,181994.1.2.3,220.5308,m,104,
175062,true,3,3,60,181994.1.2.3,181995.1.2.3,72.69027,m,104,
175063,true,3,3,60,181995.1.2.3,181996.1.2.3,66.30025000000001,m,104,
175064,true,3,3,60,181996.1.2.3,181997.1.2.3,64.11024,m,104,
175065,true,3,3,60,181998.1.2.3,181999.1.2.3,15.29006,m,99,
175066,true,3,3,60,182000.1.2.3,182001.1.2.3,15.14006,m,99,
175067,true,3,3,60,181997.1.2.3,182001.1.2.3,8.240030000000001,m,104,
175068,true,3,3,60,182000.1.2.3,182002.1.2.3,7.340027,m,104,
175069,true,3,3,60,181998.1.2.3,182003.1.2.3,36.91014,m,104,
175070,true,3,3,60,181996.1.2.3,181999.1.2.3,8.240030000000001,m,104,
175071,true,3,3,60,181997.1.2.3,182004.1.2.3,42.44016,m,104,
175072,true,3,3,60,182005.1.2.3,182006.1.2.3,15.24006,m,99,
175074,true,3,3,60,182004.1.2.3,182005.1.2.3,6.690025,m,40,
175075,true,3,3,60,182006.1.2.3,210023.1.2.3,6.250023,m,40,
175078,true,3,3,60,182012.1.2.3,182013.1.2.3,0.001,m,99,
175079,true,3,3,60,182015.1.2.3,182016.1.2.3,15.24006,m,99,
175080,true,3,3,60,182004.1.2.3,182011.1.2.3,79.3603,m,40,
175081,true,3,3,60,182012.1.2.3,182011.1.2.3,10.37004,m,40,
175082,true,3,3,60,182011.1.2.3,182014.1.2.3,19.51007,m,40,
175083,true,3,3,60,182014.1.2.3,182016.1.2.3,19.53008,m,40,
175084,true,3,3,60,182015.1.2.3,182018.1.2.3,7.320028,m,40,
175085,true,3,3,60,182018.1.2.3,182019.1.2.3,18.90007,m,40,
175086,true,3,3,60,182019.1.2.3,182020.1.2.3,67.37025,m,40,
175087,true,3,3,60,182020.1.2.3,182017.1.2.3,53.9502,m,40,
175088,true,3,3,60,182017.1.2.3,182022.1.2.3,39.03015,m,40,
175089,true,3,3,60,182022.1.2.3,182021.1.2.3,15.24006,m,40,
175090,true,3,3,60,182024.1.2.3,182025.1.2.3,15.06006,m,99,
175091,true,3,3,60,182017.1.2.3,182023.1.2.3,44.50016,m,40,
175092,true,3,3,60,182023.1.2.3,182024.1.2.3,15.64006,m,40,
175093,true,3,3,60,182023.1.2.3,215930.1.2.3,56.71021,m,40,
175094,true,3,3,60,182025.1.2.3,182027.1.2.3,57.25022,m,186,
175098,true,3,3,60,247589.1.2.3,182030.1.2.3,45.92017,m,40,
182901,true,3,3,60,182148.1.2.3,182149.1.2.3,15.24006,m,99,
182907,true,3,3,60,182153.1.2.3,182152.1.2.3,65.91025,m,110,
182908,true,3,3,60,182152.1.2.3,182154.1.2.3,32.03012,m,110,
182909,true,3,3,60,182152.1.2.3,215932.1.2.3,59.16022,m,110,
182910,true,3,3,60,182155.1.2.3,182156.1.2.3,37.87014,m,110,
182911,true,3,3,60,182148.1.2.3,182157.1.2.3,130.9505,m,186,
182912,true,3,3,60,182157.1.2.3,182158.1.2.3,18.92007,m,186,
182913,true,3,3,60,182157.1.2.3,182159.1.2.3,14.66006,m,186,
182914,true,3,3,60,182158.1.2.3,182160.1.2.3,37.78014,m,186,
182915,true,3,3,60,182158.1.2.3,232292.1.2.3,83.89031,m,186,
182916,true,3,3,60,182161.1.2.3,182162.1.2.3,68.04025,m,186,
183044,true,2,2,60,189961.2.3,189960.2.3,9.160034,m,250,
183045,true,3,3,60,189962.1.2.3,189960.1.2.3,8.840033999999999,m,98,
183046,true,3,3,60,189963.1.2.3,189960.1.2.3,0.001,m,98,
183048,true,3,3,60,261881.1.2.3,189963.1.2.3,62.51023,m,141,
184239,true,1,1,60,189950.2,189949.2,29.37011,m,181,
184240,true,1,1,60,189949.2,189948.2,20.30008,m,181,
184241,true,1,1,60,189948.2,194050.2,43.89016,m,181,
184242,true,1,1,60,189951.1,194048.1,57.49022,m,181,
184243,true,1,1,60,194048.1,194049.1,51.58019,m,181,
184244,true,1,1,60,189951.1,189962.1,57.46021,m,181,
184245,true,1,1,60,189962.2,189950.2,87.96033,m,181,
184246,true,1,1,60,194054.1,194055.1,40.92015,m,181,
184247,true,1,1,60,194055.1,194056.1,58.71022,m,181,
184248,true,1,1,60,194056.1,194057.1,49.01018,m,181,
184249,true,1,1,60,194058.3,194053.3,32.68012,m,181,
184250,true,1,1,60,194053.3,194052.3,23.84009,m,181,
184251,true,1,1,60,194052.3,194051.3,33.25013,m,181,
184252,true,1,1,60,194058.3,189962.3,47.73018,m,181,
184253,true,1,1,60,194054.1,189962.1,64.99024,m,181,
184254,true,1,1,60,194065.3,194064.3,14.03005,m,181,
184255,true,1,1,60,194064.3,194063.3,30.06011,m,181,
184256,true,1,1,60,194063.3,194062.3,40.00015,m,181,
184257,true,1,1,60,194062.3,189961.3,56.71021,m,181,
184258,true,1,1,60,194061.2,194060.2,26.8701,m,181,
184259,true,1,1,60,194060.2,194059.2,69.71026000000001,m,181,
184260,true,1,1,60,194059.2,189961.2,61.01023,m,181,
202135,true,3,3,60,202181.1.2.3,165442.1.2.3,5.790021,m,45,
211128,true,3,3,60,210023.1.2.3,182007.1.2.3,19.85007,m,40,
215299,true,3,3,60,318412.1.2.3,253843.1.2.3,98.80038,m,144,
216919,true,1,1,60,215930.2,233811.2,11.89005,m,62,
216920,true,3,3,60,215932.1.2.3,182155.1.2.3,15.25006,m,110,
216925,true,3,3,60,215932.1.2.3,215930.1.2.3,103.0304,m,40,
223551,true,3,3,60,221728.1.2.3,221729.1.2.3,15.62006,m,99,
223584,true,3,3,60,221728.1.2.3,182007.1.2.3,25.5801,m,40,
223585,true,3,3,60,221729.1.2.3,221730.1.2.3,39.11015,m,185,
223586,true,1,1,60,233812.2,182026.2,89.63033,m,62,
235185,true,3,3,60,232292.1.2.3,182161.1.2.3,60.11023,m,186,
235186,true,1,1,60,232293.1,232294.1,17.08006,m,62,
235187,true,3,3,60,232294.1.2.3,182154.1.2.3,16.17006,m,110,
235748,true,3,3,60,232497.1.2.3,261837.1.2.3,9.470036,m,40,
236614,true,1,1,60,233811.2,233812.2,15.24006,m,251,
239659,true,1,1,60,236963.1,236964.1,7.630028,m,251,
239660,true,1,1,60,181942.1,236963.1,15.24006,m,62,
239661,true,1,1,60,236965.1,236966.1,7.630028,m,251,
239662,true,1,1,60,236965.1,181932.1,6.430024,m,62,
239739,true,3,3,60,243937.1.2.3,202181.1.2.3,89.62034,m,45,
241080,true,3,3,60,315933.1.2.3,165452.1.2.3,55.33021,m,40,
241081,true,3,3,60,238402.1.2.3,238403.1.2.3,9.450035,m,99,
246177,true,3,3,60,202181.1.2.3,157346.1.2.3,41.01015,m,45,
246178,true,3,3,60,243936.1.2.3,243937.1.2.3,0.001,m,99,
246179,true,3,3,60,157345.1.2.3,157347.1.2.3,37.08014,m,186,
246180,true,3,3,60,253842.1.2.3,243936.1.2.3,89.03033000000001,m,144,
249319,true,3,3,60,247589.1.2.3,247590.1.2.3,0.001,m,99,
254077,true,3,3,60,253842.1.2.3,253843.1.2.3,0.001,m,99,
255376,true,3,3,60,255317.1.2.3,255318.1.2.3,0.001,m,99,
255377,true,3,3,60,181919.1.2.3,255318.1.2.3,41.80016,m,104,
255381,true,3,3,60,255322.1.2.3,181884.1.2.3,20.13007,m,40,
255389,true,3,3,60,182013.1.2.3,255334.1.2.3,65.87025,m,141,
255390,true,3,3,60,255334.1.2.3,255335.1.2.3,50.17019,m,141,
255391,true,3,3,60,255335.1.2.3,247590.1.2.3,139.2705,m,141,
255461,true,1,1,60,165487.1,165489.1,46.82018,m,62,
255469,true,3,3,60,181979.1.2.3,181969.1.2.3,36.25013,m,40,
255471,true,3,3,60,255418.1.2.3,255419.1.2.3,7.630028,m,99,
255472,true,3,3,60,181935.1.2.3,255419.1.2.3,25.55009,m,186,
255473,true,3,3,60,181929.1.2.3,255418.1.2.3,10.06004,m,45,
261180,true,3,3,60,165451.1.2.3,165459.1.2.3,43.32016,m,40,
261181,true,3,3,60,261836.1.2.3,261837.1.2.3,7.640028,m,99,
261184,true,3,3,60,165469.1.2.3,261836.1.2.3,46.23017,m,40,
261185,true,3,3,60,261838.1.2.3,261839.1.2.3,7.630028,m,99,
261249,true,3,3,60,261880.1.2.3,261881.1.2.3,0.001,m,99,
262345,true,3,3,60,255322.1.2.3,181883.1.2.3,42.23016,m,40,
272824,true,3,3,60,273626.1.2.3,280598.1.2.3,26.3301,m,40,
274465,true,3,3,60,275354.1.2.3,165449.1.2.3,25.0801,m,45,
275695,true,3,3,60,182149.1.2.3,182153.1.2.3,51.21019,m,110,
279294,true,3,3,60,280596.1.2.3,280597.1.2.3,7.640028,m,99,
279295,true,3,3,60,280598.1.2.3,232497.1.2.3,6.100023,m,40,
279296,true,3,3,60,280598.1.2.3,280597.1.2.3,4.310016,m,40,
279297,true,3,3,60,280596.1.2.3,280600.1.2.3,2.74001,m,40,
280750,true,1,1,60,282273.1,282274.1,15.13006,m,251,
280751,true,1,1,60,215932.1,282273.1,13.16005,m,62,
280752,true,1,1,60,282274.1,282275.1,76.24028,m,62,
282085,true,3,3,60,283563.1.2.3,165456.1.2.3,31.19012,m,40,
282086,true,3,3,60,283565.1.2.3,283566.1.2.3,8.330031,m,99,
282088,true,3,3,60,283565.1.2.3,283567.1.2.3,13.22005,m,185,
282435,true,3,3,60,283952.1.2.3,165495.1.2.3,104.7904,m,45,
282436,true,3,3,60,283954.1.2.3,283955.1.2.3,7.770029,m,99,
282437,true,3,3,60,283952.1.2.3,283954.1.2.3,51.6502,m,40,
282438,true,3,3,60,283955.1.2.3,283956.1.2.3,185.7807,m,185,
285774,true,3,3,60,165469.1.2.3,287274.1.2.3,40.83015,m,40,
285775,true,3,3,60,287274.1.2.3,287275.1.2.3,40.56015,m,40,
298361,true,3,3,60,298159.1.2.3,298160.1.2.3,0.001,m,99,
298362,true,3,3,60,298161.1.2.3,298162.1.2.3,0.001,m,99,
298366,true,3,3,60,298159.1.2.3,298162.1.2.3,158.9606,m,147,
298367,true,3,3,60,298161.1.2.3,165448.1.2.3,33.08012,m,45,
318386,true,3,3,60,283563.1.2.3,283566.1.2.3,7.530029,m,40,
318387,true,3,3,60,165451.1.2.3,165453.1.2.3,35.75013,m,40,
318388,true,3,3,60,315933.1.2.3,238403.1.2.3,10.06004,m,40,
s_0862099-da1,true,3,3,60,x_0862099.1.2.3,s1x_0862099.1.2.3,100,ft,defaultsecondary3p,
s_0862099-da2,true,3,3,60,x_0862099.1.2.3,s2x_0862099.1.2.3,100,ft,defaultsecondary3p,
s_0862099-da3,true,3,3,60,x_0862099.1.2.3,s3x_0862099.1.2.3,100,ft,defaultsecondary3p,
s_1000663-da1,true,1,1,60,x_1000663.1,s1x_1000663.1,100,ft,defaultsecondary,
s_1000663-db1,true,1,1,60,x_1000663.2,s1x_1000663.2,100,ft,defaultsecondary,
s_1000663-dc1,true,1,1,60,x_1000663.3,s1x_1000663.3,100,ft,defaultsecondary,
s_1000252-db1,true,1,1,60,x_1000252.2,s1x_1000252.2,100,ft,defaultsecondary,
s_1001746-da1,true,3,3,60,x_1001746.1.2.3,s1x_1001746.1.2.3,100,ft,defaultsecondary3p,
s_1001746-da2,true,3,3,60,x_1001746.1.2.3,s2x_1001746.1.2.3,100,ft,defaultsecondary3p,
s_1001746-da3,true,3,3,60,x_1001746.1.2.3,s3x_1001746.1.2.3,100,ft,defaultsecondary3p,
s_1000502-db1,true,1,1,60,x_1000502.2,s1x_1000502.2,100,ft,defaultsecondary,
s_1000824-da1,true,1,1,60,x_1000824.1,s1x_1000824.1,100,ft,defaultsecondary,
s_1000824-da2,true,1,1,60,x_1000824.1,s2x_1000824.1,100,ft,defaultsecondary,
s_1000824-da3,true,1,1,60,x_1000824.1,s3x_1000824.1,100,ft,defaultsecondary,
s_1000824-db1,true,1,1,60,x_1000824.2,s1x_1000824.2,100,ft,defaultsecondary,
s_1000824-db2,true,1,1,60,x_1000824.2,s2x_1000824.2,100,ft,defaultsecondary,
s_1000824-db3,true,1,1,60,x_1000824.2,s3x_1000824.2,100,ft,defaultsecondary,
s_1000824-dc1,true,1,1,60,x_1000824.3,s1x_1000824.3,100,ft,defaultsecondary,
s_1000824-dc2,true,1,1,60,x_1000824.3,s2x_1000824.3,100,ft,defaultsecondary,
s_1000824-dc3,true,1,1,60,x_1000824.3,s3x_1000824.3,100,ft,defaultsecondary,
s_1001745-da1,true,3,3,60,x_1001745.1.2.3,s1x_1001745.1.2.3,100,ft,defaultsecondary3p,
s_1001745-da2,true,3,3,60,x_1001745.1.2.3,s2x_1001745.1.2.3,100,ft,defaultsecondary3p,
s_1001745-da3,true,3,3,60,x_1001745.1.2.3,s3x_1001745.1.2.3,100,ft,defaultsecondary3p,
s_1001329-da1,true,3,3,60,x_1001329.1.2.3,s1x_1001329.1.2.3,100,ft,defaultsecondary3p,
s_1001329-da2,true,3,3,60,x_1001329.1.2.3,s2x_1001329.1.2.3,100,ft,defaultsecondary3p,
s_1001329-da3,true,3,3,60,x_1001329.1.2.3,s3x_1001329.1.2.3,100,ft,defaultsecondary3p,
s_1001359-da1,true,3,3,60,x_1001359.1.2.3,s1x_1001359.1.2.3,100,ft,defaultsecondary3p,
s_1001359-da2,true,3,3,60,x_1001359.1.2.3,s2x_1001359.1.2.3,100,ft,defaultsecondary3p,
s_1001359-da3,true,3,3,60,x_1001359.1.2.3,s3x_1001359.1.2.3,100,ft,defaultsecondary3p,
s_1001330-da1,true,3,3,60,x_1001330.1.2.3,s1x_1001330.1.2.3,100,ft,defaultsecondary3p,
s_1001330-da2,true,3,3,60,x_1001330.1.2.3,s2x_1001330.1.2.3,100,ft,defaultsecondary3p,
s_1001330-da3,true,3,3,60,x_1001330.1.2.3,s3x_1001330.1.2.3,100,ft,defaultsecondary3p,
s_1001330-da4,true,3,3,60,x_1001330.1.2.3,s4x_1001330.1.2.3,100,ft,defaultsecondary3p,
s_1001330-da5,true,3,3,60,x_1001330.1.2.3,s5x_1001330.1.2.3,100,ft,defaultsecondary3p,
s_1001330-da6,true,3,3,60,x_1001330.1.2.3,s6x_1001330.1.2.3,100,ft,defaultsecondary3p,
s_1000672-da1,true,1,1,60,x_1000672.1,s1x_1000672.1,100,ft,defaultsecondary,
s_1001708-da1,true,3,3,60,x_1001708.1.2.3,s1x_1001708.1.2.3,100,ft,defaultsecondary3p,
s_1001708-da2,true,3,3,60,x_1001708.1.2.3,s2x_1001708.1.2.3,100,ft,defaultsecondary3p,
s_1001708-da3,true,3,3,60,x_1001708.1.2.3,s3x_1001708.1.2.3,100,ft,defaultsecondary3p,
s_1001345-da1,true,3,3,60,x_1001345.1.2.3,s1x_1001345.1.2.3,100,ft,defaultsecondary3p,
s_1001345-da2,true,3,3,60,x_1001345.1.2.3,s2x_1001345.1.2.3,100,ft,defaultsecondary3p,
s_1001345-da3,true,3,3,60,x_1001345.1.2.3,s3x_1001345.1.2.3,100,ft,defaultsecondary3p,
s_1000933-da1,true,3,3,60,x_1000933.1.2.3,s1x_1000933.1.2.3,100,ft,defaultsecondary3p,
s_1000933-da2,true,3,3,60,x_1000933.1.2.3,s2x_1000933.1.2.3,100,ft,defaultsecondary3p,
s_1000933-da3,true,3,3,60,x_1000933.1.2.3,s3x_1000933.1.2.3,100,ft,defaultsecondary3p,
s_1000933-da4,true,3,3,60,x_1000933.1.2.3,s4x_1000933.1.2.3,100,ft,defaultsecondary3p,
s_1000933-da5,true,3,3,60,x_1000933.1.2.3,s5x_1000933.1.2.3,100,ft,defaultsecondary3p,
s_1000933-da6,true,3,3,60,x_1000933.1.2.3,s6x_1000933.1.2.3,100,ft,defaultsecondary3p,
s_1000933-da7,true,3,3,60,x_1000933.1.2.3,s7x_1000933.1.2.3,100,ft,defaultsecondary3p,
s_1000933-da8,true,3,3,60,x_1000933.1.2.3,s8x_1000933.1.2.3,100,ft,defaultsecondary3p,
s_1000933-da9,true,3,3,60,x_1000933.1.2.3,s9x_1000933.1.2.3,100,ft,defaultsecondary3p,
s_1000933-da10,true,3,3,60,x_1000933.1.2.3,s10x_1000933.1.2.3,100,ft,defaultsecondary3p,
s_1000933-da11,true,3,3,60,x_1000933.1.2.3,s11x_1000933.1.2.3,100,ft,defaultsecondary3p,
s_1000933-da12,true,3,3,60,x_1000933.1.2.3,s12x_1000933.1.2.3,100,ft,defaultsecondary3p,
s_1000933-da13,true,3,3,60,x_1000933.1.2.3,s13x_1000933.1.2.3,100,ft,defaultsecondary3p,
s_1000933-da14,true,3,3,60,x_1000933.1.2.3,s14x_1000933.1.2.3,100,ft,defaultsecondary3p,
s_1000933-da15,true,3,3,60,x_1000933.1.2.3,s15x_1000933.1.2.3,100,ft,defaultsecondary3p,
s_1001823-da1,true,1,1,60,x_1001823.1,s1x_1001823.1,100,ft,defaultsecondary,
s_1001822-da1,true,1,1,60,x_1001822.1,s1x_1001822.1,100,ft,defaultsecondary,
s_1001822-db1,true,1,1,60,x_1001822.2,s1x_1001822.2,100,ft,defaultsecondary,
s_1001822-dc1,true,1,1,60,x_1001822.3,s1x_1001822.3,100,ft,defaultsecondary,
s_1000042-da1,true,1,1,60,x_1000042.1,s1x_1000042.1,100,ft,defaultsecondary,
s_1000042-da2,true,1,1,60,x_1000042.1,s2x_1000042.1,100,ft,defaultsecondary,
s_1000042-da3,true,1,1,60,x_1000042.1,s3x_1000042.1,100,ft,defaultsecondary,
s_1000042-da4,true,1,1,60,x_1000042.1,s4x_1000042.1,100,ft,defaultsecondary,
s_1000042-da5,true,1,1,60,x_1000042.1,s5x_1000042.1,100,ft,defaultsecondary,
s_1000042-da6,true,1,1,60,x_1000042.1,s6x_1000042.1,100,ft,defaultsecondary,
s_1000042-da7,true,1,1,60,x_1000042.1,s7x_1000042.1,100,ft,defaultsecondary,
s_1000077-da1,true,1,1,60,x_1000077.1,s1x_1000077.1,100,ft,defaultsecondary,
s_1000077-da2,true,1,1,60,x_1000077.1,s2x_1000077.1,100,ft,defaultsecondary,
s_1000077-da3,true,1,1,60,x_1000077.1,s3x_1000077.1,100,ft,defaultsecondary,
s_1000077-da4,true,1,1,60,x_1000077.1,s4x_1000077.1,100,ft,defaultsecondary,
s_1000077-da5,true,1,1,60,x_1000077.1,s5x_1000077.1,100,ft,defaultsecondary,
s_1000077-da6,true,1,1,60,x_1000077.1,s6x_1000077.1,100,ft,defaultsecondary,
s_1000474-da1,true,1,1,60,x_1000474.1,s1x_1000474.1,100,ft,defaultsecondary,
s_1000474-da2,true,1,1,60,x_1000474.1,s2x_1000474.1,100,ft,defaultsecondary,
s_1000474-da3,true,1,1,60,x_1000474.1,s3x_1000474.1,100,ft,defaultsecondary,
s_1000474-da4,true,1,1,60,x_1000474.1,s4x_1000474.1,100,ft,defaultsecondary,
s_1000474-da5,true,1,1,60,x_1000474.1,s5x_1000474.1,100,ft,defaultsecondary,
s_1000043-da1,true,1,1,60,x_1000043.1,s1x_1000043.1,100,ft,defaultsecondary,
s_1000043-da2,true,1,1,60,x_1000043.1,s2x_1000043.1,100,ft,defaultsecondary,
s_1000043-da3,true,1,1,60,x_1000043.1,s3x_1000043.1,100,ft,defaultsecondary,
s_1000043-da4,true,1,1,60,x_1000043.1,s4x_1000043.1,100,ft,defaultsecondary,
s_1000043-da5,true,1,1,60,x_1000043.1,s5x_1000043.1,100,ft,defaultsecondary,
s_1000043-da6,true,1,1,60,x_1000043.1,s6x_1000043.1,100,ft,defaultsecondary,
s_1001567-da1,true,3,3,60,x_1001567.1.2.3,s1x_1001567.1.2.3,100,ft,defaultsecondary3p,
s_1001567-da2,true,3,3,60,x_1001567.1.2.3,s2x_1001567.1.2.3,100,ft,defaultsecondary3p,
s_1001567-da3,true,3,3,60,x_1001567.1.2.3,s3x_1001567.1.2.3,100,ft,defaultsecondary3p,
s_1000233-db1,true,1,1,60,x_1000233.2,s1x_1000233.2,100,ft,defaultsecondary,
s_1000569-da1,true,3,3,60,x_1000569.1.2.3,s1x_1000569.1.2.3,100,ft,defaultsecondary3p,
s_1000569-da2,true,3,3,60,x_1000569.1.2.3,s2x_1000569.1.2.3,100,ft,defaultsecondary3p,
s_1000569-da3,true,3,3,60,x_1000569.1.2.3,s3x_1000569.1.2.3,100,ft,defaultsecondary3p,
s_1000746-da1,true,3,3,60,x_1000746.1.2.3,s1x_1000746.1.2.3,100,ft,defaultsecondary3p,
s_1000746-da2,true,3,3,60,x_1000746.1.2.3,s2x_1000746.1.2.3,100,ft,defaultsecondary3p,
s_1000746-da3,true,3,3,60,x_1000746.1.2.3,s3x_1000746.1.2.3,100,ft,defaultsecondary3p,
s_1000608-da1,true,1,1,60,x_1000608.1,s1x_1000608.1,100,ft,defaultsecondary,
s_1000608-da2,true,1,1,60,x_1000608.1,s2x_1000608.1,100,ft,defaultsecondary,
s_1000608-da3,true,1,1,60,x_1000608.1,s3x_1000608.1,100,ft,defaultsecondary,
s_1000608-da4,true,1,1,60,x_1000608.1,s4x_1000608.1,100,ft,defaultsecondary,
s_1000608-da5,true,1,1,60,x_1000608.1,s5x_1000608.1,100,ft,defaultsecondary,
s_1000608-da6,true,1,1,60,x_1000608.1,s6x_1000608.1,100,ft,defaultsecondary,
s_1000608-da7,true,1,1,60,x_1000608.1,s7x_1000608.1,100,ft,defaultsecondary,
s_1000608-da8,true,1,1,60,x_1000608.1,s8x_1000608.1,100,ft,defaultsecondary,
s_1000609-da1,true,1,1,60,x_1000609.1,s1x_1000609.1,100,ft,defaultsecondary,
s_1000609-da2,true,1,1,60,x_1000609.1,s2x_1000609.1,100,ft,defaultsecondary,
s_1000609-da3,true,1,1,60,x_1000609.1,s3x_1000609.1,100,ft,defaultsecondary,
s_1000609-da4,true,1,1,60,x_1000609.1,s4x_1000609.1,100,ft,defaultsecondary,
s_1000609-da5,true,1,1,60,x_1000609.1,s5x_1000609.1,100,ft,defaultsecondary,
s_1000609-da6,true,1,1,60,x_1000609.1,s6x_1000609.1,100,ft,defaultsecondary,
s_1000609-da7,true,1,1,60,x_1000609.1,s7x_1000609.1,100,ft,defaultsecondary,
s_1000609-da8,true,1,1,60,x_1000609.1,s8x_1000609.1,100,ft,defaultsecondary,
s_1000609-da9,true,1,1,60,x_1000609.1,s9x_1000609.1,100,ft,defaultsecondary,
s_1000609-da10,true,1,1,60,x_1000609.1,s10x_1000609.1,100,ft,defaultsecondary,
s_1000609-da11,true,1,1,60,x_1000609.1,s11x_1000609.1,100,ft,defaultsecondary,
s_1000610-da1,true,1,1,60,x_1000610.1,s1x_1000610.1,100,ft,defaultsecondary,
s_1000610-da2,true,1,1,60,x_1000610.1,s2x_1000610.1,100,ft,defaultsecondary,
s_1000610-da3,true,1,1,60,x_1000610.1,s3x_1000610.1,100,ft,defaultsecondary,
s_1000610-da4,true,1,1,60,x_1000610.1,s4x_1000610.1,100,ft,defaultsecondary,
s_1000610-da5,true,1,1,60,x_1000610.1,s5x_1000610.1,100,ft,defaultsecondary,
s_1000610-da6,true,1,1,60,x_1000610.1,s6x_1000610.1,100,ft,defaultsecondary,
s_1000610-da7,true,1,1,60,x_1000610.1,s7x_1000610.1,100,ft,defaultsecondary,
s_1000610-da8,true,1,1,60,x_1000610.1,s8x_1000610.1,100,ft,defaultsecondary,
s_1000610-da9,true,1,1,60,x_1000610.1,s9x_1000610.1,100,ft,defaultsecondary,
s_1000610-da10,true,1,1,60,x_1000610.1,s10x_1000610.1,100,ft,defaultsecondary,
s_1000610-da11,true,1,1,60,x_1000610.1,s11x_1000610.1,100,ft,defaultsecondary,
s_1000611-da1,true,1,1,60,x_1000611.1,s1x_1000611.1,100,ft,defaultsecondary,
s_1000611-da2,true,1,1,60,x_1000611.1,s2x_1000611.1,100,ft,defaultsecondary,
s_1000611-da3,true,1,1,60,x_1000611.1,s3x_1000611.1,100,ft,defaultsecondary,
s_1000611-da4,true,1,1,60,x_1000611.1,s4x_1000611.1,100,ft,defaultsecondary,
s_1000611-da5,true,1,1,60,x_1000611.1,s5x_1000611.1,100,ft,defaultsecondary,
s_1000612-da1,true,1,1,60,x_1000612.1,s1x_1000612.1,100,ft,defaultsecondary,
s_1000612-da2,true,1,1,60,x_1000612.1,s2x_1000612.1,100,ft,defaultsecondary,
s_1000612-da3,true,1,1,60,x_1000612.1,s3x_1000612.1,100,ft,defaultsecondary,
s_1000612-da4,true,1,1,60,x_1000612.1,s4x_1000612.1,100,ft,defaultsecondary,
s_1000612-da5,true,1,1,60,x_1000612.1,s5x_1000612.1,100,ft,defaultsecondary,
s_1000612-da6,true,1,1,60,x_1000612.1,s6x_1000612.1,100,ft,defaultsecondary,
s_1000612-da7,true,1,1,60,x_1000612.1,s7x_1000612.1,100,ft,defaultsecondary,
s_1000612-da8,true,1,1,60,x_1000612.1,s8x_1000612.1,100,ft,defaultsecondary,
s_1000598-dc1,true,1,1,60,x_1000598.3,s1x_1000598.3,100,ft,defaultsecondary,
s_1000598-dc2,true,1,1,60,x_1000598.3,s2x_1000598.3,100,ft,defaultsecondary,
s_1000598-dc3,true,1,1,60,x_1000598.3,s3x_1000598.3,100,ft,defaultsecondary,
s_1000598-dc4,true,1,1,60,x_1000598.3,s4x_1000598.3,100,ft,defaultsecondary,
s_1000598-dc5,true,1,1,60,x_1000598.3,s5x_1000598.3,100,ft,defaultsecondary,
s_1000598-dc6,true,1,1,60,x_1000598.3,s6x_1000598.3,100,ft,defaultsecondary,
s_1000598-dc7,true,1,1,60,x_1000598.3,s7x_1000598.3,100,ft,defaultsecondary,
s_1000598-dc8,true,1,1,60,x_1000598.3,s8x_1000598.3,100,ft,defaultsecondary,
s_1000598-dc9,true,1,1,60,x_1000598.3,s9x_1000598.3,100,ft,defaultsecondary,
s_1000599-dc1,true,1,1,60,x_1000599.3,s1x_1000599.3,100,ft,defaultsecondary,
s_1000599-dc2,true,1,1,60,x_1000599.3,s2x_1000599.3,100,ft,defaultsecondary,
s_1000599-dc3,true,1,1,60,x_1000599.3,s3x_1000599.3,100,ft,defaultsecondary,
s_1000599-dc4,true,1,1,60,x_1000599.3,s4x_1000599.3,100,ft,defaultsecondary,
s_1000599-dc5,true,1,1,60,x_1000599.3,s5x_1000599.3,100,ft,defaultsecondary,
s_1000599-dc6,true,1,1,60,x_1000599.3,s6x_1000599.3,100,ft,defaultsecondary,
s_1000599-dc7,true,1,1,60,x_1000599.3,s7x_1000599.3,100,ft,defaultsecondary,
s_1000599-dc8,true,1,1,60,x_1000599.3,s8x_1000599.3,100,ft,defaultsecondary,
s_1000599-dc9,true,1,1,60,x_1000599.3,s9x_1000599.3,100,ft,defaultsecondary,
s_1000599-dc10,true,1,1,60,x_1000599.3,s10x_1000599.3,100,ft,defaultsecondary,
s_1000599-dc11,true,1,1,60,x_1000599.3,s11x_1000599.3,100,ft,defaultsecondary,
s_1000600-dc1,true,1,1,60,x_1000600.3,s1x_1000600.3,100,ft,defaultsecondary,
s_1000600-dc2,true,1,1,60,x_1000600.3,s2x_1000600.3,100,ft,defaultsecondary,
s_1000600-dc3,true,1,1,60,x_1000600.3,s3x_1000600.3,100,ft,defaultsecondary,
s_1000600-dc4,true,1,1,60,x_1000600.3,s4x_1000600.3,100,ft,defaultsecondary,
s_1000600-dc5,true,1,1,60,x_1000600.3,s5x_1000600.3,100,ft,defaultsecondary,
s_1000600-dc6,true,1,1,60,x_1000600.3,s6x_1000600.3,100,ft,defaultsecondary,
s_1000600-dc7,true,1,1,60,x_1000600.3,s7x_1000600.3,100,ft,defaultsecondary,
s_1000600-dc8,true,1,1,60,x_1000600.3,s8x_1000600.3,100,ft,defaultsecondary,
s_1000600-dc9,true,1,1,60,x_1000600.3,s9x_1000600.3,100,ft,defaultsecondary,
s_1000602-dc1,true,1,1,60,x_1000602.3,s1x_1000602.3,100,ft,defaultsecondary,
s_1000602-dc2,true,1,1,60,x_1000602.3,s2x_1000602.3,100,ft,defaultsecondary,
s_1000602-dc3,true,1,1,60,x_1000602.3,s3x_1000602.3,100,ft,defaultsecondary,
s_1000602-dc4,true,1,1,60,x_1000602.3,s4x_1000602.3,100,ft,defaultsecondary,
s_1000602-dc5,true,1,1,60,x_1000602.3,s5x_1000602.3,100,ft,defaultsecondary,
s_1000602-dc6,true,1,1,60,x_1000602.3,s6x_1000602.3,100,ft,defaultsecondary,
s_1000602-dc7,true,1,1,60,x_1000602.3,s7x_1000602.3,100,ft,defaultsecondary,
s_1000602-dc8,true,1,1,60,x_1000602.3,s8x_1000602.3,100,ft,defaultsecondary,
s_1000601-dc1,true,1,1,60,x_1000601.3,s1x_1000601.3,100,ft,defaultsecondary,
s_1000601-dc2,true,1,1,60,x_1000601.3,s2x_1000601.3,100,ft,defaultsecondary,
s_1000601-dc3,true,1,1,60,x_1000601.3,s3x_1000601.3,100,ft,defaultsecondary,
s_1000601-dc4,true,1,1,60,x_1000601.3,s4x_1000601.3,100,ft,defaultsecondary,
s_1000601-dc5,true,1,1,60,x_1000601.3,s5x_1000601.3,100,ft,defaultsecondary,
s_1000601-dc6,true,1,1,60,x_1000601.3,s6x_1000601.3,100,ft,defaultsecondary,
s_1000601-dc7,true,1,1,60,x_1000601.3,s7x_1000601.3,100,ft,defaultsecondary,
s_1000601-dc8,true,1,1,60,x_1000601.3,s8x_1000601.3,100,ft,defaultsecondary,
s_1000603-db1,true,1,1,60,x_1000603.2,s1x_1000603.2,100,ft,defaultsecondary,
s_1000603-db2,true,1,1,60,x_1000603.2,s2x_1000603.2,100,ft,defaultsecondary,
s_1000603-db3,true,1,1,60,x_1000603.2,s3x_1000603.2,100,ft,defaultsecondary,
s_1000603-db4,true,1,1,60,x_1000603.2,s4x_1000603.2,100,ft,defaultsecondary,
s_1000603-db5,true,1,1,60,x_1000603.2,s5x_1000603.2,100,ft,defaultsecondary,
s_1000603-db6,true,1,1,60,x_1000603.2,s6x_1000603.2,100,ft,defaultsecondary,
s_1000603-db7,true,1,1,60,x_1000603.2,s7x_1000603.2,100,ft,defaultsecondary,
s_1000604-db1,true,1,1,60,x_1000604.2,s1x_1000604.2,100,ft,defaultsecondary,
s_1000604-db2,true,1,1,60,x_1000604.2,s2x_1000604.2,100,ft,defaultsecondary,
s_1000604-db3,true,1,1,60,x_1000604.2,s3x_1000604.2,100,ft,defaultsecondary,
s_1000604-db4,true,1,1,60,x_1000604.2,s4x_1000604.2,100,ft,defaultsecondary,
s_1000604-db5,true,1,1,60,x_1000604.2,s5x_1000604.2,100,ft,defaultsecondary,
s_1000604-db6,true,1,1,60,x_1000604.2,s6x_1000604.2,100,ft,defaultsecondary,
s_1000604-db7,true,1,1,60,x_1000604.2,s7x_1000604.2,100,ft,defaultsecondary,
s_1000604-db8,true,1,1,60,x_1000604.2,s8x_1000604.2,100,ft,defaultsecondary,
s_1000604-db9,true,1,1,60,x_1000604.2,s9x_1000604.2,100,ft,defaultsecondary,
s_1000604-db10,true,1,1,60,x_1000604.2,s10x_1000604.2,100,ft,defaultsecondary,
s_1000604-db11,true,1,1,60,x_1000604.2,s11x_1000604.2,100,ft,defaultsecondary,
s_1000604-db12,true,1,1,60,x_1000604.2,s12x_1000604.2,100,ft,defaultsecondary,
s_1000604-db13,true,1,1,60,x_1000604.2,s13x_1000604.2,100,ft,defaultsecondary,
s_1000604-db14,true,1,1,60,x_1000604.2,s14x_1000604.2,100,ft,defaultsecondary,
s_1000604-db15,true,1,1,60,x_1000604.2,s15x_1000604.2,100,ft,defaultsecondary,
s_1000605-db1,true,1,1,60,x_1000605.2,s1x_1000605.2,100,ft,defaultsecondary,
s_1000605-db2,true,1,1,60,x_1000605.2,s2x_1000605.2,100,ft,defaultsecondary,
s_1000605-db3,true,1,1,60,x_1000605.2,s3x_1000605.2,100,ft,defaultsecondary,
s_1000605-db4,true,1,1,60,x_1000605.2,s4x_1000605.2,100,ft,defaultsecondary,
s_1000605-db5,true,1,1,60,x_1000605.2,s5x_1000605.2,100,ft,defaultsecondary,
s_1000605-db6,true,1,1,60,x_1000605.2,s6x_1000605.2,100,ft,defaultsecondary,
s_1000605-db7,true,1,1,60,x_1000605.2,s7x_1000605.2,100,ft,defaultsecondary,
s_1000605-db8,true,1,1,60,x_1000605.2,s8x_1000605.2,100,ft,defaultsecondary,
s_1000605-db9,true,1,1,60,x_1000605.2,s9x_1000605.2,100,ft,defaultsecondary,
s_1000605-db10,true,1,1,60,x_1000605.2,s10x_1000605.2,100,ft,defaultsecondary,
s_1000605-db11,true,1,1,60,x_1000605.2,s11x_1000605.2,100,ft,defaultsecondary,
s_1000606-db1,true,1,1,60,x_1000606.2,s1x_1000606.2,100,ft,defaultsecondary,
s_1000606-db2,true,1,1,60,x_1000606.2,s2x_1000606.2,100,ft,defaultsecondary,
s_1000606-db3,true,1,1,60,x_1000606.2,s3x_1000606.2,100,ft,defaultsecondary,
s_1000606-db4,true,1,1,60,x_1000606.2,s4x_1000606.2,100,ft,defaultsecondary,
s_1000606-db5,true,1,1,60,x_1000606.2,s5x_1000606.2,100,ft,defaultsecondary,
s_1000606-db6,true,1,1,60,x_1000606.2,s6x_1000606.2,100,ft,defaultsecondary,
s_1000606-db7,true,1,1,60,x_1000606.2,s7x_1000606.2,100,ft,defaultsecondary,
s_1000606-db8,true,1,1,60,x_1000606.2,s8x_1000606.2,100,ft,defaultsecondary,
s_1000606-db9,true,1,1,60,x_1000606.2,s9x_1000606.2,100,ft,defaultsecondary,
s_1000606-db10,true,1,1,60,x_1000606.2,s10x_1000606.2,100,ft,defaultsecondary,
s_1000606-db11,true,1,1,60,x_1000606.2,s11x_1000606.2,100,ft,defaultsecondary,
s_1000606-db12,true,1,1,60,x_1000606.2,s12x_1000606.2,100,ft,defaultsecondary,
s_1000607-db1,true,1,1,60,x_1000607.2,s1x_1000607.2,100,ft,defaultsecondary,
s_1000607-db2,true,1,1,60,x_1000607.2,s2x_1000607.2,100,ft,defaultsecondary,
s_1000607-db3,true,1,1,60,x_1000607.2,s3x_1000607.2,100,ft,defaultsecondary,
s_1000607-db4,true,1,1,60,x_1000607.2,s4x_1000607.2,100,ft,defaultsecondary,
s_1000607-db5,true,1,1,60,x_1000607.2,s5x_1000607.2,100,ft,defaultsecondary,
s_1000607-db6,true,1,1,60,x_1000607.2,s6x_1000607.2,100,ft,defaultsecondary,
s_1000607-db7,true,1,1,60,x_1000607.2,s7x_1000607.2,100,ft,defaultsecondary,
s_1000607-db8,true,1,1,60,x_1000607.2,s8x_1000607.2,100,ft,defaultsecondary,
s_1001933-da1,true,3,3,60,x_1001933.1.2.3,s1x_1001933.1.2.3,100,ft,defaultsecondary3p,
s_1001933-da2,true,3,3,60,x_1001933.1.2.3,s2x_1001933.1.2.3,100,ft,defaultsecondary3p,
s_1001933-da3,true,3,3,60,x_1001933.1.2.3,s3x_1001933.1.2.3,100,ft,defaultsecondary3p,
s_1000198-da1,true,1,1,60,x_1000198.1,s1x_1000198.1,100,ft,defaultsecondary,
s_1000548-da1,true,1,1,60,x_1000548.1,s1x_1000548.1,100,ft,defaultsecondary,
s_1000069-da1,true,3,3,60,x_1000069.1.2.3,s1x_1000069.1.2.3,100,ft,defaultsecondary3p,
s_1000069-da2,true,3,3,60,x_1000069.1.2.3,s2x_1000069.1.2.3,100,ft,defaultsecondary3p,
s_1000069-da3,true,3,3,60,x_1000069.1.2.3,s3x_1000069.1.2.3,100,ft,defaultsecondary3p,
s_1000069-da4,true,3,3,60,x_1000069.1.2.3,s4x_1000069.1.2.3,100,ft,defaultsecondary3p,
s_1000069-da5,true,3,3,60,x_1000069.1.2.3,s5x_1000069.1.2.3,100,ft,defaultsecondary3p,
s_1000069-da6,true,3,3,60,x_1000069.1.2.3,s6x_1000069.1.2.3,100,ft,defaultsecondary3p,
s_1000531-da1,true,1,1,60,x_1000531.1,s1x_1000531.1,100,ft,defaultsecondary,
s_1000531-da2,true,1,1,60,x_1000531.1,s2x_1000531.1,100,ft,defaultsecondary,
s_1000531-da3,true,1,1,60,x_1000531.1,s3x_1000531.1,100,ft,defaultsecondary,
s_1000531-da4,true,1,1,60,x_1000531.1,s4x_1000531.1,100,ft,defaultsecondary,
s_1000531-da5,true,1,1,60,x_1000531.1,s5x_1000531.1,100,ft,defaultsecondary,
s_1000531-da6,true,1,1,60,x_1000531.1,s6x_1000531.1,100,ft,defaultsecondary,
s_1000531-da7,true,1,1,60,x_1000531.1,s7x_1000531.1,100,ft,defaultsecondary,
s_1000531-da8,true,1,1,60,x_1000531.1,s8x_1000531.1,100,ft,defaultsecondary,
s_1000531-da9,true,1,1,60,x_1000531.1,s9x_1000531.1,100,ft,defaultsecondary,
s_1000531-da10,true,1,1,60,x_1000531.1,s10x_1000531.1,100,ft,defaultsecondary,
s_1000531-da11,true,1,1,60,x_1000531.1,s11x_1000531.1,100,ft,defaultsecondary,
s_1000533-da1,true,1,1,60,x_1000533.1,s1x_1000533.1,100,ft,defaultsecondary,
s_1000533-da2,true,1,1,60,x_1000533.1,s2x_1000533.1,100,ft,defaultsecondary,
s_1000533-da3,true,1,1,60,x_1000533.1,s3x_1000533.1,100,ft,defaultsecondary,
s_1000533-da4,true,1,1,60,x_1000533.1,s4x_1000533.1,100,ft,defaultsecondary,
s_1000533-da5,true,1,1,60,x_1000533.1,s5x_1000533.1,100,ft,defaultsecondary,
s_1000533-da6,true,1,1,60,x_1000533.1,s6x_1000533.1,100,ft,defaultsecondary,
s_1000533-da7,true,1,1,60,x_1000533.1,s7x_1000533.1,100,ft,defaultsecondary,
s_1000533-da8,true,1,1,60,x_1000533.1,s8x_1000533.1,100,ft,defaultsecondary,
s_1000533-da9,true,1,1,60,x_1000533.1,s9x_1000533.1,100,ft,defaultsecondary,
s_1000533-da10,true,1,1,60,x_1000533.1,s10x_1000533.1,100,ft,defaultsecondary,
s_1000533-da11,true,1,1,60,x_1000533.1,s11x_1000533.1,100,ft,defaultsecondary,
s_1000532-da1,true,1,1,60,x_1000532.1,s1x_1000532.1,100,ft,defaultsecondary,
s_1000532-da2,true,1,1,60,x_1000532.1,s2x_1000532.1,100,ft,defaultsecondary,
s_1000532-da3,true,1,1,60,x_1000532.1,s3x_1000532.1,100,ft,defaultsecondary,
s_1000532-da4,true,1,1,60,x_1000532.1,s4x_1000532.1,100,ft,defaultsecondary,
s_1000532-da5,true,1,1,60,x_1000532.1,s5x_1000532.1,100,ft,defaultsecondary,
s_1000532-da6,true,1,1,60,x_1000532.1,s6x_1000532.1,100,ft,defaultsecondary,
s_1000532-da7,true,1,1,60,x_1000532.1,s7x_1000532.1,100,ft,defaultsecondary,
s_1000532-da8,true,1,1,60,x_1000532.1,s8x_1000532.1,100,ft,defaultsecondary,
s_1000532-da9,true,1,1,60,x_1000532.1,s9x_1000532.1,100,ft,defaultsecondary,
s_1000532-da10,true,1,1,60,x_1000532.1,s10x_1000532.1,100,ft,defaultsecondary,
s_1000532-da11,true,1,1,60,x_1000532.1,s11x_1000532.1,100,ft,defaultsecondary,
s_1000582-da1,true,1,1,60,x_1000582.1,s1x_1000582.1,100,ft,defaultsecondary,
s_1000582-da2,true,1,1,60,x_1000582.1,s2x_1000582.1,100,ft,defaultsecondary,
s_1000582-da3,true,1,1,60,x_1000582.1,s3x_1000582.1,100,ft,defaultsecondary,
s_1000582-da4,true,1,1,60,x_1000582.1,s4x_1000582.1,100,ft,defaultsecondary,
s_1000582-da5,true,1,1,60,x_1000582.1,s5x_1000582.1,100,ft,defaultsecondary,
s_1000582-da6,true,1,1,60,x_1000582.1,s6x_1000582.1,100,ft,defaultsecondary,
s_1000582-da7,true,1,1,60,x_1000582.1,s7x_1000582.1,100,ft,defaultsecondary,
s_1000581-da1,true,1,1,60,x_1000581.1,s1x_1000581.1,100,ft,defaultsecondary,
s_1000581-da2,true,1,1,60,x_1000581.1,s2x_1000581.1,100,ft,defaultsecondary,
s_1000581-da3,true,1,1,60,x_1000581.1,s3x_1000581.1,100,ft,defaultsecondary,
s_1000581-da4,true,1,1,60,x_1000581.1,s4x_1000581.1,100,ft,defaultsecondary,
s_1000581-da5,true,1,1,60,x_1000581.1,s5x_1000581.1,100,ft,defaultsecondary,
s_1000581-da6,true,1,1,60,x_1000581.1,s6x_1000581.1,100,ft,defaultsecondary,
s_1000581-da7,true,1,1,60,x_1000581.1,s7x_1000581.1,100,ft,defaultsecondary,
s_1000581-da8,true,1,1,60,x_1000581.1,s8x_1000581.1,100,ft,defaultsecondary,
s_1000537-da1,true,1,1,60,x_1000537.1,s1x_1000537.1,100,ft,defaultsecondary,
s_1000537-da2,true,1,1,60,x_1000537.1,s2x_1000537.1,100,ft,defaultsecondary,
s_1000537-da3,true,1,1,60,x_1000537.1,s3x_1000537.1,100,ft,defaultsecondary,
s_1000537-da4,true,1,1,60,x_1000537.1,s4x_1000537.1,100,ft,defaultsecondary,
s_1000537-da5,true,1,1,60,x_1000537.1,s5x_1000537.1,100,ft,defaultsecondary,
s_1000537-da6,true,1,1,60,x_1000537.1,s6x_1000537.1,100,ft,defaultsecondary,
s_1000537-da7,true,1,1,60,x_1000537.1,s7x_1000537.1,100,ft,defaultsecondary,
s_1000537-da8,true,1,1,60,x_1000537.1,s8x_1000537.1,100,ft,defaultsecondary,
s_1000537-da9,true,1,1,60,x_1000537.1,s9x_1000537.1,100,ft,defaultsecondary,
s_1000537-da10,true,1,1,60,x_1000537.1,s10x_1000537.1,100,ft,defaultsecondary,
s_1000537-da11,true,1,1,60,x_1000537.1,s11x_1000537.1,100,ft,defaultsecondary,
s_1000537-da12,true,1,1,60,x_1000537.1,s12x_1000537.1,100,ft,defaultsecondary,
s_1000537-da13,true,1,1,60,x_1000537.1,s13x_1000537.1,100,ft,defaultsecondary,
s_1000536-da1,true,1,1,60,x_1000536.1,s1x_1000536.1,100,ft,defaultsecondary,
s_1000536-da2,true,1,1,60,x_1000536.1,s2x_1000536.1,100,ft,defaultsecondary,
s_1000536-da3,true,1,1,60,x_1000536.1,s3x_1000536.1,100,ft,defaultsecondary,
s_1000536-da4,true,1,1,60,x_1000536.1,s4x_1000536.1,100,ft,defaultsecondary,
s_1000536-da5,true,1,1,60,x_1000536.1,s5x_1000536.1,100,ft,defaultsecondary,
s_1000536-da6,true,1,1,60,x_1000536.1,s6x_1000536.1,100,ft,defaultsecondary,
s_1000536-da7,true,1,1,60,x_1000536.1,s7x_1000536.1,100,ft,defaultsecondary,
s_1000536-da8,true,1,1,60,x_1000536.1,s8x_1000536.1,100,ft,defaultsecondary,
s_1000536-da9,true,1,1,60,x_1000536.1,s9x_1000536.1,100,ft,defaultsecondary,
s_1000536-da10,true,1,1,60,x_1000536.1,s10x_1000536.1,100,ft,defaultsecondary,
s_1000536-da11,true,1,1,60,x_1000536.1,s11x_1000536.1,100,ft,defaultsecondary,
s_1000534-dc1,true,1,1,60,x_1000534.3,s1x_1000534.3,100,ft,defaultsecondary,
s_1000534-dc2,true,1,1,60,x_1000534.3,s2x_1000534.3,100,ft,defaultsecondary,
s_1000534-dc3,true,1,1,60,x_1000534.3,s3x_1000534.3,100,ft,defaultsecondary,
s_1000534-dc4,true,1,1,60,x_1000534.3,s4x_1000534.3,100,ft,defaultsecondary,
s_1000534-dc5,true,1,1,60,x_1000534.3,s5x_1000534.3,100,ft,defaultsecondary,
s_1000534-dc6,true,1,1,60,x_1000534.3,s6x_1000534.3,100,ft,defaultsecondary,
s_1000534-dc7,true,1,1,60,x_1000534.3,s7x_1000534.3,100,ft,defaultsecondary,
s_1000534-dc8,true,1,1,60,x_1000534.3,s8x_1000534.3,100,ft,defaultsecondary,
s_1000534-dc9,true,1,1,60,x_1000534.3,s9x_1000534.3,100,ft,defaultsecondary,
s_1000534-dc10,true,1,1,60,x_1000534.3,s10x_1000534.3,100,ft,defaultsecondary,
s_1000534-dc11,true,1,1,60,x_1000534.3,s11x_1000534.3,100,ft,defaultsecondary,
s_1000535-dc1,true,1,1,60,x_1000535.3,s1x_1000535.3,100,ft,defaultsecondary,
s_1000535-dc2,true,1,1,60,x_1000535.3,s2x_1000535.3,100,ft,defaultsecondary,
s_1000535-dc3,true,1,1,60,x_1000535.3,s3x_1000535.3,100,ft,defaultsecondary,
s_1000535-dc4,true,1,1,60,x_1000535.3,s4x_1000535.3,100,ft,defaultsecondary,
s_1000535-dc5,true,1,1,60,x_1000535.3,s5x_1000535.3,100,ft,defaultsecondary,
s_1000535-dc6,true,1,1,60,x_1000535.3,s6x_1000535.3,100,ft,defaultsecondary,
s_1000535-dc7,true,1,1,60,x_1000535.3,s7x_1000535.3,100,ft,defaultsecondary,
s_1000535-dc8,true,1,1,60,x_1000535.3,s8x_1000535.3,100,ft,defaultsecondary,
s_1000535-dc9,true,1,1,60,x_1000535.3,s9x_1000535.3,100,ft,defaultsecondary,
s_1000535-dc10,true,1,1,60,x_1000535.3,s10x_1000535.3,100,ft,defaultsecondary,
s_1000535-dc11,true,1,1,60,x_1000535.3,s11x_1000535.3,100,ft,defaultsecondary,
s_1000586-dc1,true,1,1,60,x_1000586.3,s1x_1000586.3,100,ft,defaultsecondary,
s_1000586-dc2,true,1,1,60,x_1000586.3,s2x_1000586.3,100,ft,defaultsecondary,
s_1000586-dc3,true,1,1,60,x_1000586.3,s3x_1000586.3,100,ft,defaultsecondary,
s_1000586-dc4,true,1,1,60,x_1000586.3,s4x_1000586.3,100,ft,defaultsecondary,
s_1000589-dc1,true,1,1,60,x_1000589.3,s1x_1000589.3,100,ft,defaultsecondary,
s_1000589-dc2,true,1,1,60,x_1000589.3,s2x_1000589.3,100,ft,defaultsecondary,
s_1000589-dc3,true,1,1,60,x_1000589.3,s3x_1000589.3,100,ft,defaultsecondary,
s_1000589-dc4,true,1,1,60,x_1000589.3,s4x_1000589.3,100,ft,defaultsecondary,
s_1000589-dc5,true,1,1,60,x_1000589.3,s5x_1000589.3,100,ft,defaultsecondary,
s_1000589-dc6,true,1,1,60,x_1000589.3,s6x_1000589.3,100,ft,defaultsecondary,
s_1000589-dc7,true,1,1,60,x_1000589.3,s7x_1000589.3,100,ft,defaultsecondary,
s_1000589-dc8,true,1,1,60,x_1000589.3,s8x_1000589.3,100,ft,defaultsecondary,
s_1000589-dc9,true,1,1,60,x_1000589.3,s9x_1000589.3,100,ft,defaultsecondary,
s_1000589-dc10,true,1,1,60,x_1000589.3,s10x_1000589.3,100,ft,defaultsecondary,
s_1000587-dc1,true,1,1,60,x_1000587.3,s1x_1000587.3,100,ft,defaultsecondary,
s_1000587-dc2,true,1,1,60,x_1000587.3,s2x_1000587.3,100,ft,defaultsecondary,
s_1000587-dc3,true,1,1,60,x_1000587.3,s3x_1000587.3,100,ft,defaultsecondary,
s_1000587-dc4,true,1,1,60,x_1000587.3,s4x_1000587.3,100,ft,defaultsecondary,
s_1000587-dc5,true,1,1,60,x_1000587.3,s5x_1000587.3,100,ft,defaultsecondary,
s_1000587-dc6,true,1,1,60,x_1000587.3,s6x_1000587.3,100,ft,defaultsecondary,
s_1000587-dc7,true,1,1,60,x_1000587.3,s7x_1000587.3,100,ft,defaultsecondary,
s_1000587-dc8,true,1,1,60,x_1000587.3,s8x_1000587.3,100,ft,defaultsecondary,
s_1000587-dc9,true,1,1,60,x_1000587.3,s9x_1000587.3,100,ft,defaultsecondary,
s_1000587-dc10,true,1,1,60,x_1000587.3,s10x_1000587.3,100,ft,defaultsecondary,
s_1000587-dc11,true,1,1,60,x_1000587.3,s11x_1000587.3,100,ft,defaultsecondary,
s_1000588-dc1,true,1,1,60,x_1000588.3,s1x_1000588.3,100,ft,defaultsecondary,
s_1000588-dc2,true,1,1,60,x_1000588.3,s2x_1000588.3,100,ft,defaultsecondary,
s_1000588-dc3,true,1,1,60,x_1000588.3,s3x_1000588.3,100,ft,defaultsecondary,
s_1000588-dc4,true,1,1,60,x_1000588.3,s4x_1000588.3,100,ft,defaultsecondary,
s_1000588-dc5,true,1,1,60,x_1000588.3,s5x_1000588.3,100,ft,defaultsecondary,
s_1000588-dc6,true,1,1,60,x_1000588.3,s6x_1000588.3,100,ft,defaultsecondary,
s_1000588-dc7,true,1,1,60,x_1000588.3,s7x_1000588.3,100,ft,defaultsecondary,
s_1000588-dc8,true,1,1,60,x_1000588.3,s8x_1000588.3,100,ft,defaultsecondary,
s_1000588-dc9,true,1,1,60,x_1000588.3,s9x_1000588.3,100,ft,defaultsecondary,
s_1000588-dc10,true,1,1,60,x_1000588.3,s10x_1000588.3,100,ft,defaultsecondary,
s_1000585-dc1,true,1,1,60,x_1000585.3,s1x_1000585.3,100,ft,defaultsecondary,
s_1000585-dc2,true,1,1,60,x_1000585.3,s2x_1000585.3,100,ft,defaultsecondary,
s_1000585-dc3,true,1,1,60,x_1000585.3,s3x_1000585.3,100,ft,defaultsecondary,
s_1000585-dc4,true,1,1,60,x_1000585.3,s4x_1000585.3,100,ft,defaultsecondary,
s_1000585-dc5,true,1,1,60,x_1000585.3,s5x_1000585.3,100,ft,defaultsecondary,
s_1000585-dc6,true,1,1,60,x_1000585.3,s6x_1000585.3,100,ft,defaultsecondary,
s_1000584-dc1,true,1,1,60,x_1000584.3,s1x_1000584.3,100,ft,defaultsecondary,
s_1000584-dc2,true,1,1,60,x_1000584.3,s2x_1000584.3,100,ft,defaultsecondary,
s_1000584-dc3,true,1,1,60,x_1000584.3,s3x_1000584.3,100,ft,defaultsecondary,
s_1000584-dc4,true,1,1,60,x_1000584.3,s4x_1000584.3,100,ft,defaultsecondary,
s_1000584-dc5,true,1,1,60,x_1000584.3,s5x_1000584.3,100,ft,defaultsecondary,
s_1000584-dc6,true,1,1,60,x_1000584.3,s6x_1000584.3,100,ft,defaultsecondary,
s_1000584-dc7,true,1,1,60,x_1000584.3,s7x_1000584.3,100,ft,defaultsecondary,
s_1000584-dc8,true,1,1,60,x_1000584.3,s8x_1000584.3,100,ft,defaultsecondary,
s_1000584-dc9,true,1,1,60,x_1000584.3,s9x_1000584.3,100,ft,defaultsecondary,
s_1000584-dc10,true,1,1,60,x_1000584.3,s10x_1000584.3,100,ft,defaultsecondary,
s_1000584-dc11,true,1,1,60,x_1000584.3,s11x_1000584.3,100,ft,defaultsecondary,
s_1000584-dc12,true,1,1,60,x_1000584.3,s12x_1000584.3,100,ft,defaultsecondary,
s_1000584-dc13,true,1,1,60,x_1000584.3,s13x_1000584.3,100,ft,defaultsecondary,
s_1000583-dc1,true,1,1,60,x_1000583.3,s1x_1000583.3,100,ft,defaultsecondary,
s_1000583-dc2,true,1,1,60,x_1000583.3,s2x_1000583.3,100,ft,defaultsecondary,
s_1000583-dc3,true,1,1,60,x_1000583.3,s3x_1000583.3,100,ft,defaultsecondary,
s_1000583-dc4,true,1,1,60,x_1000583.3,s4x_1000583.3,100,ft,defaultsecondary,
s_1000583-dc5,true,1,1,60,x_1000583.3,s5x_1000583.3,100,ft,defaultsecondary,
s_1000583-dc6,true,1,1,60,x_1000583.3,s6x_1000583.3,100,ft,defaultsecondary,
s_1000583-dc7,true,1,1,60,x_1000583.3,s7x_1000583.3,100,ft,defaultsecondary,
s_1000583-dc8,true,1,1,60,x_1000583.3,s8x_1000583.3,100,ft,defaultsecondary,
s_1000583-dc9,true,1,1,60,x_1000583.3,s9x_1000583.3,100,ft,defaultsecondary,
s_1000583-dc10,true,1,1,60,x_1000583.3,s10x_1000583.3,100,ft,defaultsecondary,
s_1000016-db1,true,1,1,60,x_1000016.2,s1x_1000016.2,100,ft,defaultsecondary,
s_1000016-db2,true,1,1,60,x_1000016.2,s2x_1000016.2,100,ft,defaultsecondary,
s_1000016-db3,true,1,1,60,x_1000016.2,s3x_1000016.2,100,ft,defaultsecondary,
s_1000016-db4,true,1,1,60,x_1000016.2,s4x_1000016.2,100,ft,defaultsecondary,
s_1000015-da1,true,1,1,60,x_1000015.1,s1x_1000015.1,100,ft,defaultsecondary,
s_1000015-da2,true,1,1,60,x_1000015.1,s2x_1000015.1,100,ft,defaultsecondary,
s_1000015-da3,true,1,1,60,x_1000015.1,s3x_1000015.1,100,ft,defaultsecondary,
s_1000015-da4,true,1,1,60,x_1000015.1,s4x_1000015.1,100,ft,defaultsecondary,
s_1000015-da5,true,1,1,60,x_1000015.1,s5x_1000015.1,100,ft,defaultsecondary,
s_1000764-da1,true,3,3,60,x_1000764.1.2.3,s1x_1000764.1.2.3,100,ft,defaultsecondary3p,
s_1000764-da2,true,3,3,60,x_1000764.1.2.3,s2x_1000764.1.2.3,100,ft,defaultsecondary3p,
s_1000764-da3,true,3,3,60,x_1000764.1.2.3,s3x_1000764.1.2.3,100,ft,defaultsecondary3p,
s_1000764-da4,true,3,3,60,x_1000764.1.2.3,s4x_1000764.1.2.3,100,ft,defaultsecondary3p,
s_1000764-da5,true,3,3,60,x_1000764.1.2.3,s5x_1000764.1.2.3,100,ft,defaultsecondary3p,
s_1000764-da6,true,3,3,60,x_1000764.1.2.3,s6x_1000764.1.2.3,100,ft,defaultsecondary3p,
s_1000199-da1,true,1,1,60,x_1000199.1,s1x_1000199.1,100,ft,defaultsecondary,
s_1000199-db1,true,1,1,60,x_1000199.2,s1x_1000199.2,100,ft,defaultsecondary,
s_1000199-dc1,true,1,1,60,x_1000199.3,s1x_1000199.3,100,ft,defaultsecondary,
s_1000567-da1,true,3,3,60,x_1000567.1.2.3,s1x_1000567.1.2.3,100,ft,defaultsecondary3p,
s_1000567-da2,true,3,3,60,x_1000567.1.2.3,s2x_1000567.1.2.3,100,ft,defaultsecondary3p,
s_1000567-da3,true,3,3,60,x_1000567.1.2.3,s3x_1000567.1.2.3,100,ft,defaultsecondary3p,
s_1001665-da1,true,3,3,60,x_1001665.1.2.3,s1x_1001665.1.2.3,100,ft,defaultsecondary3p,
s_1001665-da2,true,3,3,60,x_1001665.1.2.3,s2x_1001665.1.2.3,100,ft,defaultsecondary3p,
s_1001665-da3,true,3,3,60,x_1001665.1.2.3,s3x_1001665.1.2.3,100,ft,defaultsecondary3p,
s_1001577-da1,true,3,3,60,x_1001577.1.2.3,s1x_1001577.1.2.3,100,ft,defaultsecondary3p,
s_1001577-da2,true,3,3,60,x_1001577.1.2.3,s2x_1001577.1.2.3,100,ft,defaultsecondary3p,
s_1001577-da3,true,3,3,60,x_1001577.1.2.3,s3x_1001577.1.2.3,100,ft,defaultsecondary3p,
s_1002055-da1,true,1,1,60,x_1002055.1,s1x_1002055.1,100,ft,defaultsecondary,
s_1002055-db1,true,1,1,60,x_1002055.2,s1x_1002055.2,100,ft,defaultsecondary,
s_1002055-dc1,true,1,1,60,x_1002055.3,s1x_1002055.3,100,ft,defaultsecondary,
s_1000538-da1,true,1,1,60,x_1000538.1,s1x_1000538.1,100,ft,defaultsecondary,
s_1000538-db1,true,1,1,60,x_1000538.2,s1x_1000538.2,100,ft,defaultsecondary,
s_1000538-dc1,true,1,1,60,x_1000538.3,s1x_1000538.3,100,ft,defaultsecondary,
s_1000087-da1,true,1,1,60,x_1000087.1,s1x_1000087.1,100,ft,defaultsecondary,
s_1000087-db1,true,1,1,60,x_1000087.2,s1x_1000087.2,100,ft,defaultsecondary,
s_1000087-dc1,true,1,1,60,x_1000087.3,s1x_1000087.3,100,ft,defaultsecondary,
s_1000070-db1,true,1,1,60,x_1000070.2,s1x_1000070.2,100,ft,defaultsecondary,
s_1000070-db2,true,1,1,60,x_1000070.2,s2x_1000070.2,100,ft,defaultsecondary,
s_1000070-db3,true,1,1,60,x_1000070.2,s3x_1000070.2,100,ft,defaultsecondary,
s_1000070-db4,true,1,1,60,x_1000070.2,s4x_1000070.2,100,ft,defaultsecondary,
s_1000070-db5,true,1,1,60,x_1000070.2,s5x_1000070.2,100,ft,defaultsecondary,
s_1000071-da1,true,1,1,60,x_1000071.1,s1x_1000071.1,100,ft,defaultsecondary,
s_1000071-db1,true,1,1,60,x_1000071.2,s1x_1000071.2,100,ft,defaultsecondary,
s_1000071-dc1,true,1,1,60,x_1000071.3,s1x_1000071.3,100,ft,defaultsecondary,
s_1000119-db1,true,1,1,60,x_1000119.2,s1x_1000119.2,100,ft,defaultsecondary,
s_1000119-db2,true,1,1,60,x_1000119.2,s2x_1000119.2,100,ft,defaultsecondary,
s_1002001-da1,true,3,3,60,x_1002001.1.2.3,s1x_1002001.1.2.3,100,ft,defaultsecondary3p,
s_1002001-da2,true,3,3,60,x_1002001.1.2.3,s2x_1002001.1.2.3,100,ft,defaultsecondary3p,
s_1002001-da3,true,3,3,60,x_1002001.1.2.3,s3x_1002001.1.2.3,100,ft,defaultsecondary3p,
s_1002001-da4,true,3,3,60,x_1002001.1.2.3,s4x_1002001.1.2.3,100,ft,defaultsecondary3p,
s_1002001-da5,true,3,3,60,x_1002001.1.2.3,s5x_1002001.1.2.3,100,ft,defaultsecondary3p,
s_1002001-da6,true,3,3,60,x_1002001.1.2.3,s6x_1002001.1.2.3,100,ft,defaultsecondary3p,
s_1002001-da7,true,3,3,60,x_1002001.1.2.3,s7x_1002001.1.2.3,100,ft,defaultsecondary3p,
s_1002001-da8,true,3,3,60,x_1002001.1.2.3,s8x_1002001.1.2.3,100,ft,defaultsecondary3p,
s_1002001-da9,true,3,3,60,x_1002001.1.2.3,s9x_1002001.1.2.3,100,ft,defaultsecondary3p,
s_1002001-da10,true,3,3,60,x_1002001.1.2.3,s10x_1002001.1.2.3,100,ft,defaultsecondary3p,
s_1002001-da11,true,3,3,60,x_1002001.1.2.3,s11x_1002001.1.2.3,100,ft,defaultsecondary3p,
s_1002001-da12,true,3,3,60,x_1002001.1.2.3,s12x_1002001.1.2.3,100,ft,defaultsecondary3p,
s_1002001-da13,true,3,3,60,x_1002001.1.2.3,s13x_1002001.1.2.3,100,ft,defaultsecondary3p,
s_1002001-da14,true,3,3,60,x_1002001.1.2.3,s14x_1002001.1.2.3,100,ft,defaultsecondary3p,
s_1002001-da15,true,3,3,60,x_1002001.1.2.3,s15x_1002001.1.2.3,100,ft,defaultsecondary3p,
s_1002001-da16,true,3,3,60,x_1002001.1.2.3,s16x_1002001.1.2.3,100,ft,defaultsecondary3p,
s_1002001-da17,true,3,3,60,x_1002001.1.2.3,s17x_1002001.1.2.3,100,ft,defaultsecondary3p,
s_1002001-da18,true,3,3,60,x_1002001.1.2.3,s18x_1002001.1.2.3,100,ft,defaultsecondary3p,
s_1000330-dc1,true,1,1,60,x_1000330.3,s1x_1000330.3,100,ft,defaultsecondary,
s_1000330-dc2,true,1,1,60,x_1000330.3,s2x_1000330.3,100,ft,defaultsecondary,
s_1000330-dc3,true,1,1,60,x_1000330.3,s3x_1000330.3,100,ft,defaultsecondary,
s_1000330-dc4,true,1,1,60,x_1000330.3,s4x_1000330.3,100,ft,defaultsecondary,
s_1000330-dc5,true,1,1,60,x_1000330.3,s5x_1000330.3,100,ft,defaultsecondary,
s_1000277-dc1,true,1,1,60,x_1000277.3,s1x_1000277.3,100,ft,defaultsecondary,
s_1001523-da1,true,1,1,60,x_1001523.1,s1x_1001523.1,100,ft,defaultsecondary,
s_1001523-da2,true,1,1,60,x_1001523.1,s2x_1001523.1,100,ft,defaultsecondary,
s_1001523-da3,true,1,1,60,x_1001523.1,s3x_1001523.1,100,ft,defaultsecondary,
s_1001523-da4,true,1,1,60,x_1001523.1,s4x_1001523.1,100,ft,defaultsecondary,
s_1001523-db1,true,1,1,60,x_1001523.2,s1x_1001523.2,100,ft,defaultsecondary,
s_1001523-db2,true,1,1,60,x_1001523.2,s2x_1001523.2,100,ft,defaultsecondary,
s_1001523-db3,true,1,1,60,x_1001523.2,s3x_1001523.2,100,ft,defaultsecondary,
s_1001523-db4,true,1,1,60,x_1001523.2,s4x_1001523.2,100,ft,defaultsecondary,
s_1001523-dc1,true,1,1,60,x_1001523.3,s1x_1001523.3,100,ft,defaultsecondary,
s_1001523-dc2,true,1,1,60,x_1001523.3,s2x_1001523.3,100,ft,defaultsecondary,
s_1001523-dc3,true,1,1,60,x_1001523.3,s3x_1001523.3,100,ft,defaultsecondary,
s_1001523-dc4,true,1,1,60,x_1001523.3,s4x_1001523.3,100,ft,defaultsecondary,
s_1001522-da1,true,3,3,60,x_1001522.1.2.3,s1x_1001522.1.2.3,100,ft,defaultsecondary3p,
s_1001522-da2,true,3,3,60,x_1001522.1.2.3,s2x_1001522.1.2.3,100,ft,defaultsecondary3p,
s_1001522-da3,true,3,3,60,x_1001522.1.2.3,s3x_1001522.1.2.3,100,ft,defaultsecondary3p,
s_1001522-da4,true,3,3,60,x_1001522.1.2.3,s4x_1001522.1.2.3,100,ft,defaultsecondary3p,
s_1001522-da5,true,3,3,60,x_1001522.1.2.3,s5x_1001522.1.2.3,100,ft,defaultsecondary3p,
s_1001522-da6,true,3,3,60,x_1001522.1.2.3,s6x_1001522.1.2.3,100,ft,defaultsecondary3p,
s_1001522-da7,true,3,3,60,x_1001522.1.2.3,s7x_1001522.1.2.3,100,ft,defaultsecondary3p,
s_1001522-da8,true,3,3,60,x_1001522.1.2.3,s8x_1001522.1.2.3,100,ft,defaultsecondary3p,
s_1001522-da9,true,3,3,60,x_1001522.1.2.3,s9x_1001522.1.2.3,100,ft,defaultsecondary3p,
s_1001522-da10,true,3,3,60,x_1001522.1.2.3,s10x_1001522.1.2.3,100,ft,defaultsecondary3p,
s_1001522-da11,true,3,3,60,x_1001522.1.2.3,s11x_1001522.1.2.3,100,ft,defaultsecondary3p,
s_1001522-da12,true,3,3,60,x_1001522.1.2.3,s12x_1001522.1.2.3,100,ft,defaultsecondary3p,
s_1001522-da13,true,3,3,60,x_1001522.1.2.3,s13x_1001522.1.2.3,100,ft,defaultsecondary3p,
s_1001522-da14,true,3,3,60,x_1001522.1.2.3,s14x_1001522.1.2.3,100,ft,defaultsecondary3p,
s_1001522-da15,true,3,3,60,x_1001522.1.2.3,s15x_1001522.1.2.3,100,ft,defaultsecondary3p,
s_1001522-da16,true,3,3,60,x_1001522.1.2.3,s16x_1001522.1.2.3,100,ft,defaultsecondary3p,
s_1001522-da17,true,3,3,60,x_1001522.1.2.3,s17x_1001522.1.2.3,100,ft,defaultsecondary3p,
s_1001522-da18,true,3,3,60,x_1001522.1.2.3,s18x_1001522.1.2.3,100,ft,defaultsecondary3p,
s_1001522-da19,true,3,3,60,x_1001522.1.2.3,s19x_1001522.1.2.3,100,ft,defaultsecondary3p,
s_1001522-da20,true,3,3,60,x_1001522.1.2.3,s20x_1001522.1.2.3,100,ft,defaultsecondary3p,
s_1001522-da21,true,3,3,60,x_1001522.1.2.3,s21x_1001522.1.2.3,100,ft,defaultsecondary3p,
s_1001522-da22,true,3,3,60,x_1001522.1.2.3,s22x_1001522.1.2.3,100,ft,defaultsecondary3p,
s_1001522-da23,true,3,3,60,x_1001522.1.2.3,s23x_1001522.1.2.3,100,ft,defaultsecondary3p,
s_1001522-da24,true,3,3,60,x_1001522.1.2.3,s24x_1001522.1.2.3,100,ft,defaultsecondary3p,
s_1001524-da1,true,3,3,60,x_1001524.1.2.3,s1x_1001524.1.2.3,100,ft,defaultsecondary3p,
s_1001524-da2,true,3,3,60,x_1001524.1.2.3,s2x_1001524.1.2.3,100,ft,defaultsecondary3p,
s_1001524-da3,true,3,3,60,x_1001524.1.2.3,s3x_1001524.1.2.3,100,ft,defaultsecondary3p,
s_1001524-da4,true,3,3,60,x_1001524.1.2.3,s4x_1001524.1.2.3,100,ft,defaultsecondary3p,
s_1001524-da5,true,3,3,60,x_1001524.1.2.3,s5x_1001524.1.2.3,100,ft,defaultsecondary3p,
s_1001524-da6,true,3,3,60,x_1001524.1.2.3,s6x_1001524.1.2.3,100,ft,defaultsecondary3p,
s_1001524-da7,true,3,3,60,x_1001524.1.2.3,s7x_1001524.1.2.3,100,ft,defaultsecondary3p,
s_1001524-da8,true,3,3,60,x_1001524.1.2.3,s8x_1001524.1.2.3,100,ft,defaultsecondary3p,
s_1001524-da9,true,3,3,60,x_1001524.1.2.3,s9x_1001524.1.2.3,100,ft,defaultsecondary3p,
s_1001524-da10,true,3,3,60,x_1001524.1.2.3,s10x_1001524.1.2.3,100,ft,defaultsecondary3p,
s_1001524-da11,true,3,3,60,x_1001524.1.2.3,s11x_1001524.1.2.3,100,ft,defaultsecondary3p,
s_1001524-da12,true,3,3,60,x_1001524.1.2.3,s12x_1001524.1.2.3,100,ft,defaultsecondary3p,
s_1001525-da1,true,3,3,60,x_1001525.1.2.3,s1x_1001525.1.2.3,100,ft,defaultsecondary3p,
s_1001525-da2,true,3,3,60,x_1001525.1.2.3,s2x_1001525.1.2.3,100,ft,defaultsecondary3p,
s_1001525-da3,true,3,3,60,x_1001525.1.2.3,s3x_1001525.1.2.3,100,ft,defaultsecondary3p,
s_1001525-da4,true,3,3,60,x_1001525.1.2.3,s4x_1001525.1.2.3,100,ft,defaultsecondary3p,
s_1001525-da5,true,3,3,60,x_1001525.1.2.3,s5x_1001525.1.2.3,100,ft,defaultsecondary3p,
s_1001525-da6,true,3,3,60,x_1001525.1.2.3,s6x_1001525.1.2.3,100,ft,defaultsecondary3p,
s_1001525-da7,true,3,3,60,x_1001525.1.2.3,s7x_1001525.1.2.3,100,ft,defaultsecondary3p,
s_1001525-da8,true,3,3,60,x_1001525.1.2.3,s8x_1001525.1.2.3,100,ft,defaultsecondary3p,
s_1001525-da9,true,3,3,60,x_1001525.1.2.3,s9x_1001525.1.2.3,100,ft,defaultsecondary3p,
s_1001525-da10,true,3,3,60,x_1001525.1.2.3,s10x_1001525.1.2.3,100,ft,defaultsecondary3p,
s_1001525-da11,true,3,3,60,x_1001525.1.2.3,s11x_1001525.1.2.3,100,ft,defaultsecondary3p,
s_1001525-da12,true,3,3,60,x_1001525.1.2.3,s12x_1001525.1.2.3,100,ft,defaultsecondary3p,
s_1001525-da13,true,3,3,60,x_1001525.1.2.3,s13x_1001525.1.2.3,100,ft,defaultsecondary3p,
s_1001525-da14,true,3,3,60,x_1001525.1.2.3,s14x_1001525.1.2.3,100,ft,defaultsecondary3p,
s_1001525-da15,true,3,3,60,x_1001525.1.2.3,s15x_1001525.1.2.3,100,ft,defaultsecondary3p,
s_1001525-da16,true,3,3,60,x_1001525.1.2.3,s16x_1001525.1.2.3,100,ft,defaultsecondary3p,
s_1001525-da17,true,3,3,60,x_1001525.1.2.3,s17x_1001525.1.2.3,100,ft,defaultsecondary3p,
s_1001525-da18,true,3,3,60,x_1001525.1.2.3,s18x_1001525.1.2.3,100,ft,defaultsecondary3p,
s_1001525-da19,true,3,3,60,x_1001525.1.2.3,s19x_1001525.1.2.3,100,ft,defaultsecondary3p,
s_1001525-da20,true,3,3,60,x_1001525.1.2.3,s20x_1001525.1.2.3,100,ft,defaultsecondary3p,
s_1001525-da21,true,3,3,60,x_1001525.1.2.3,s21x_1001525.1.2.3,100,ft,defaultsecondary3p,
s_1001525-da22,true,3,3,60,x_1001525.1.2.3,s22x_1001525.1.2.3,100,ft,defaultsecondary3p,
s_1001525-da23,true,3,3,60,x_1001525.1.2.3,s23x_1001525.1.2.3,100,ft,defaultsecondary3p,
s_1001525-da24,true,3,3,60,x_1001525.1.2.3,s24x_1001525.1.2.3,100,ft,defaultsecondary3p,
s_1001214-db1,true,1,1,60,x_1001214.2,s1x_1001214.2,100,ft,defaultsecondary,
s_1001214-db2,true,1,1,60,x_1001214.2,s2x_1001214.2,100,ft,defaultsecondary,
s_1001214-db3,true,1,1,60,x_1001214.2,s3x_1001214.2,100,ft,defaultsecondary,
s_1001214-db4,true,1,1,60,x_1001214.2,s4x_1001214.2,100,ft,defaultsecondary,
s_1001214-db5,true,1,1,60,x_1001214.2,s5x_1001214.2,100,ft,defaultsecondary,
s_1001214-db6,true,1,1,60,x_1001214.2,s6x_1001214.2,100,ft,defaultsecondary,
s_1001216-db1,true,1,1,60,x_1001216.2,s1x_1001216.2,100,ft,defaultsecondary,
s_1001216-db2,true,1,1,60,x_1001216.2,s2x_1001216.2,100,ft,defaultsecondary,
s_1001216-db3,true,1,1,60,x_1001216.2,s3x_1001216.2,100,ft,defaultsecondary,
s_1001216-db4,true,1,1,60,x_1001216.2,s4x_1001216.2,100,ft,defaultsecondary,
s_1001216-db5,true,1,1,60,x_1001216.2,s5x_1001216.2,100,ft,defaultsecondary,
s_1001216-db6,true,1,1,60,x_1001216.2,s6x_1001216.2,100,ft,defaultsecondary,
s_1001217-da1,true,1,1,60,x_1001217.1,s1x_1001217.1,100,ft,defaultsecondary,
s_1001217-da2,true,1,1,60,x_1001217.1,s2x_1001217.1,100,ft,defaultsecondary,
s_1001217-da3,true,1,1,60,x_1001217.1,s3x_1001217.1,100,ft,defaultsecondary,
s_1001217-da4,true,1,1,60,x_1001217.1,s4x_1001217.1,100,ft,defaultsecondary,
s_1001217-da5,true,1,1,60,x_1001217.1,s5x_1001217.1,100,ft,defaultsecondary,
s_1001217-da6,true,1,1,60,x_1001217.1,s6x_1001217.1,100,ft,defaultsecondary,
s_1001217-da7,true,1,1,60,x_1001217.1,s7x_1001217.1,100,ft,defaultsecondary,
s_1001217-da8,true,1,1,60,x_1001217.1,s8x_1001217.1,100,ft,defaultsecondary,
s_1001218-da1,true,1,1,60,x_1001218.1,s1x_1001218.1,100,ft,defaultsecondary,
s_1001218-da2,true,1,1,60,x_1001218.1,s2x_1001218.1,100,ft,defaultsecondary,
s_1001218-da3,true,1,1,60,x_1001218.1,s3x_1001218.1,100,ft,defaultsecondary,
s_1001218-da4,true,1,1,60,x_1001218.1,s4x_1001218.1,100,ft,defaultsecondary,
s_1001218-da5,true,1,1,60,x_1001218.1,s5x_1001218.1,100,ft,defaultsecondary,
s_1001218-da6,true,1,1,60,x_1001218.1,s6x_1001218.1,100,ft,defaultsecondary,
s_1001220-da1,true,1,1,60,x_1001220.1,s1x_1001220.1,100,ft,defaultsecondary,
s_1001220-da2,true,1,1,60,x_1001220.1,s2x_1001220.1,100,ft,defaultsecondary,
s_1001220-da3,true,1,1,60,x_1001220.1,s3x_1001220.1,100,ft,defaultsecondary,
s_1001220-da4,true,1,1,60,x_1001220.1,s4x_1001220.1,100,ft,defaultsecondary,
s_1001220-da5,true,1,1,60,x_1001220.1,s5x_1001220.1,100,ft,defaultsecondary,
s_1001213-db1,true,1,1,60,x_1001213.2,s1x_1001213.2,100,ft,defaultsecondary,
s_1001213-db2,true,1,1,60,x_1001213.2,s2x_1001213.2,100,ft,defaultsecondary,
s_1001213-db3,true,1,1,60,x_1001213.2,s3x_1001213.2,100,ft,defaultsecondary,
s_1001213-db4,true,1,1,60,x_1001213.2,s4x_1001213.2,100,ft,defaultsecondary,
s_1001213-db5,true,1,1,60,x_1001213.2,s5x_1001213.2,100,ft,defaultsecondary,
s_1001213-db6,true,1,1,60,x_1001213.2,s6x_1001213.2,100,ft,defaultsecondary,
s_1001213-db7,true,1,1,60,x_1001213.2,s7x_1001213.2,100,ft,defaultsecondary,
s_1001213-db8,true,1,1,60,x_1001213.2,s8x_1001213.2,100,ft,defaultsecondary,
s_1001227-dc1,true,1,1,60,x_1001227.3,s1x_1001227.3,100,ft,defaultsecondary,
s_1001227-dc2,true,1,1,60,x_1001227.3,s2x_1001227.3,100,ft,defaultsecondary,
s_1001227-dc3,true,1,1,60,x_1001227.3,s3x_1001227.3,100,ft,defaultsecondary,
s_1001227-dc4,true,1,1,60,x_1001227.3,s4x_1001227.3,100,ft,defaultsecondary,
s_1001227-dc5,true,1,1,60,x_1001227.3,s5x_1001227.3,100,ft,defaultsecondary,
s_1001226-dc1,true,1,1,60,x_1001226.3,s1x_1001226.3,100,ft,defaultsecondary,
s_1001226-dc2,true,1,1,60,x_1001226.3,s2x_1001226.3,100,ft,defaultsecondary,
s_1001226-dc3,true,1,1,60,x_1001226.3,s3x_1001226.3,100,ft,defaultsecondary,
s_1001226-dc4,true,1,1,60,x_1001226.3,s4x_1001226.3,100,ft,defaultsecondary,
s_1001225-dc1,true,1,1,60,x_1001225.3,s1x_1001225.3,100,ft,defaultsecondary,
s_1001225-dc2,true,1,1,60,x_1001225.3,s2x_1001225.3,100,ft,defaultsecondary,
s_1001225-dc3,true,1,1,60,x_1001225.3,s3x_1001225.3,100,ft,defaultsecondary,
s_1001225-dc4,true,1,1,60,x_1001225.3,s4x_1001225.3,100,ft,defaultsecondary,
s_1001225-dc5,true,1,1,60,x_1001225.3,s5x_1001225.3,100,ft,defaultsecondary,
s_1001223-da1,true,1,1,60,x_1001223.1,s1x_1001223.1,100,ft,defaultsecondary,
s_1001223-da2,true,1,1,60,x_1001223.1,s2x_1001223.1,100,ft,defaultsecondary,
s_1001223-da3,true,1,1,60,x_1001223.1,s3x_1001223.1,100,ft,defaultsecondary,
s_1001223-da4,true,1,1,60,x_1001223.1,s4x_1001223.1,100,ft,defaultsecondary,
s_1001222-da1,true,1,1,60,x_1001222.1,s1x_1001222.1,100,ft,defaultsecondary,
s_1001222-da2,true,1,1,60,x_1001222.1,s2x_1001222.1,100,ft,defaultsecondary,
s_1001222-da3,true,1,1,60,x_1001222.1,s3x_1001222.1,100,ft,defaultsecondary,
s_1001222-da4,true,1,1,60,x_1001222.1,s4x_1001222.1,100,ft,defaultsecondary,
s_1001222-da5,true,1,1,60,x_1001222.1,s5x_1001222.1,100,ft,defaultsecondary,
s_1001222-da6,true,1,1,60,x_1001222.1,s6x_1001222.1,100,ft,defaultsecondary,
s_1001222-da7,true,1,1,60,x_1001222.1,s7x_1001222.1,100,ft,defaultsecondary,
s_1001222-da8,true,1,1,60,x_1001222.1,s8x_1001222.1,100,ft,defaultsecondary,
s_1001221-da1,true,1,1,60,x_1001221.1,s1x_1001221.1,100,ft,defaultsecondary,
s_1001219-da1,true,1,1,60,x_1001219.1,s1x_1001219.1,100,ft,defaultsecondary,
s_1001219-da2,true,1,1,60,x_1001219.1,s2x_1001219.1,100,ft,defaultsecondary,
s_1001224-dc1,true,1,1,60,x_1001224.3,s1x_1001224.3,100,ft,defaultsecondary,
s_1001224-dc2,true,1,1,60,x_1001224.3,s2x_1001224.3,100,ft,defaultsecondary,
s_1001224-dc3,true,1,1,60,x_1001224.3,s3x_1001224.3,100,ft,defaultsecondary,
s_1001224-dc4,true,1,1,60,x_1001224.3,s4x_1001224.3,100,ft,defaultsecondary,
s_1001224-dc5,true,1,1,60,x_1001224.3,s5x_1001224.3,100,ft,defaultsecondary,
s_1001224-dc6,true,1,1,60,x_1001224.3,s6x_1001224.3,100,ft,defaultsecondary,
s_1001224-dc7,true,1,1,60,x_1001224.3,s7x_1001224.3,100,ft,defaultsecondary,
s_1001228-db1,true,1,1,60,x_1001228.2,s1x_1001228.2,100,ft,defaultsecondary,
s_1001228-db2,true,1,1,60,x_1001228.2,s2x_1001228.2,100,ft,defaultsecondary,
s_1001228-db3,true,1,1,60,x_1001228.2,s3x_1001228.2,100,ft,defaultsecondary,
s_1001228-db4,true,1,1,60,x_1001228.2,s4x_1001228.2,100,ft,defaultsecondary,
s_1001228-db5,true,1,1,60,x_1001228.2,s5x_1001228.2,100,ft,defaultsecondary,
s_1001228-db6,true,1,1,60,x_1001228.2,s6x_1001228.2,100,ft,defaultsecondary,
s_1001228-db7,true,1,1,60,x_1001228.2,s7x_1001228.2,100,ft,defaultsecondary,
s_1001228-db8,true,1,1,60,x_1001228.2,s8x_1001228.2,100,ft,defaultsecondary,
s_1001229-db1,true,1,1,60,x_1001229.2,s1x_1001229.2,100,ft,defaultsecondary,
s_1001229-db2,true,1,1,60,x_1001229.2,s2x_1001229.2,100,ft,defaultsecondary,
s_1001229-db3,true,1,1,60,x_1001229.2,s3x_1001229.2,100,ft,defaultsecondary,
s_1001229-db4,true,1,1,60,x_1001229.2,s4x_1001229.2,100,ft,defaultsecondary,
s_1001229-db5,true,1,1,60,x_1001229.2,s5x_1001229.2,100,ft,defaultsecondary,
s_1001229-db6,true,1,1,60,x_1001229.2,s6x_1001229.2,100,ft,defaultsecondary,
s_1001229-db7,true,1,1,60,x_1001229.2,s7x_1001229.2,100,ft,defaultsecondary,
s_1001229-db8,true,1,1,60,x_1001229.2,s8x_1001229.2,100,ft,defaultsecondary,
s_1001229-db9,true,1,1,60,x_1001229.2,s9x_1001229.2,100,ft,defaultsecondary,
s_1001229-db10,true,1,1,60,x_1001229.2,s10x_1001229.2,100,ft,defaultsecondary,
s_1001230-db1,true,1,1,60,x_1001230.2,s1x_1001230.2,100,ft,defaultsecondary,
s_1001230-db2,true,1,1,60,x_1001230.2,s2x_1001230.2,100,ft,defaultsecondary,
s_1001230-db3,true,1,1,60,x_1001230.2,s3x_1001230.2,100,ft,defaultsecondary,
s_1001230-db4,true,1,1,60,x_1001230.2,s4x_1001230.2,100,ft,defaultsecondary,
s_1001230-db5,true,1,1,60,x_1001230.2,s5x_1001230.2,100,ft,defaultsecondary,
s_1001230-db6,true,1,1,60,x_1001230.2,s6x_1001230.2,100,ft,defaultsecondary,
s_1001230-db7,true,1,1,60,x_1001230.2,s7x_1001230.2,100,ft,defaultsecondary,
s_1001230-db8,true,1,1,60,x_1001230.2,s8x_1001230.2,100,ft,defaultsecondary,
s_1001230-db9,true,1,1,60,x_1001230.2,s9x_1001230.2,100,ft,defaultsecondary,
s_1001234-dc1,true,1,1,60,x_1001234.3,s1x_1001234.3,100,ft,defaultsecondary,
s_1001234-dc2,true,1,1,60,x_1001234.3,s2x_1001234.3,100,ft,defaultsecondary,
s_1001234-dc3,true,1,1,60,x_1001234.3,s3x_1001234.3,100,ft,defaultsecondary,
s_1001234-dc4,true,1,1,60,x_1001234.3,s4x_1001234.3,100,ft,defaultsecondary,
s_1001234-dc5,true,1,1,60,x_1001234.3,s5x_1001234.3,100,ft,defaultsecondary,
s_1001234-dc6,true,1,1,60,x_1001234.3,s6x_1001234.3,100,ft,defaultsecondary,
s_1001234-dc7,true,1,1,60,x_1001234.3,s7x_1001234.3,100,ft,defaultsecondary,
s_1001234-dc8,true,1,1,60,x_1001234.3,s8x_1001234.3,100,ft,defaultsecondary,
s_1001234-dc9,true,1,1,60,x_1001234.3,s9x_1001234.3,100,ft,defaultsecondary,
s_1001234-dc10,true,1,1,60,x_1001234.3,s10x_1001234.3,100,ft,defaultsecondary,
s_1001233-dc1,true,1,1,60,x_1001233.3,s1x_1001233.3,100,ft,defaultsecondary,
s_1001233-dc2,true,1,1,60,x_1001233.3,s2x_1001233.3,100,ft,defaultsecondary,
s_1001232-dc1,true,1,1,60,x_1001232.3,s1x_1001232.3,100,ft,defaultsecondary,
s_1001232-dc2,true,1,1,60,x_1001232.3,s2x_1001232.3,100,ft,defaultsecondary,
s_1001232-dc3,true,1,1,60,x_1001232.3,s3x_1001232.3,100,ft,defaultsecondary,
s_1001232-dc4,true,1,1,60,x_1001232.3,s4x_1001232.3,100,ft,defaultsecondary,
s_1001232-dc5,true,1,1,60,x_1001232.3,s5x_1001232.3,100,ft,defaultsecondary,
s_1001232-dc6,true,1,1,60,x_1001232.3,s6x_1001232.3,100,ft,defaultsecondary,
s_1001231-dc1,true,1,1,60,x_1001231.3,s1x_1001231.3,100,ft,defaultsecondary,
s_1001231-dc2,true,1,1,60,x_1001231.3,s2x_1001231.3,100,ft,defaultsecondary,
s_1001231-dc3,true,1,1,60,x_1001231.3,s3x_1001231.3,100,ft,defaultsecondary,
s_1001231-dc4,true,1,1,60,x_1001231.3,s4x_1001231.3,100,ft,defaultsecondary,
s_1001231-dc5,true,1,1,60,x_1001231.3,s5x_1001231.3,100,ft,defaultsecondary,
s_1001231-dc6,true,1,1,60,x_1001231.3,s6x_1001231.3,100,ft,defaultsecondary,
s_1001231-dc7,true,1,1,60,x_1001231.3,s7x_1001231.3,100,ft,defaultsecondary,
s_1001231-dc8,true,1,1,60,x_1001231.3,s8x_1001231.3,100,ft,defaultsecondary,
s_1001637-da1,true,3,3,60,x_1001637.1.2.3,s1x_1001637.1.2.3,100,ft,defaultsecondary3p,
s_1001637-da2,true,3,3,60,x_1001637.1.2.3,s2x_1001637.1.2.3,100,ft,defaultsecondary3p,
s_1001637-da3,true,3,3,60,x_1001637.1.2.3,s3x_1001637.1.2.3,100,ft,defaultsecondary3p,
s_1001637-da4,true,3,3,60,x_1001637.1.2.3,s4x_1001637.1.2.3,100,ft,defaultsecondary3p,
s_1001637-da5,true,3,3,60,x_1001637.1.2.3,s5x_1001637.1.2.3,100,ft,defaultsecondary3p,
s_1001637-da6,true,3,3,60,x_1001637.1.2.3,s6x_1001637.1.2.3,100,ft,defaultsecondary3p,
s_1003127-db1,true,1,1,60,x_1003127.2,s1x_1003127.2,100,ft,defaultsecondary,
s_1003133-db1,true,1,1,60,x_1003133.2,s1x_1003133.2,100,ft,defaultsecondary,
s_1003134-da1,true,3,3,60,x_1003134.1.2.3,s1x_1003134.1.2.3,100,ft,defaultsecondary3p,
s_1003134-da2,true,3,3,60,x_1003134.1.2.3,s2x_1003134.1.2.3,100,ft,defaultsecondary3p,
s_1003134-da3,true,3,3,60,x_1003134.1.2.3,s3x_1003134.1.2.3,100,ft,defaultsecondary3p,
s_1003125-da1,true,1,1,60,x_1003125.1,s1x_1003125.1,100,ft,defaultsecondary,
s_1003130-da1,true,3,3,60,x_1003130.1.2.3,s1x_1003130.1.2.3,100,ft,defaultsecondary3p,
s_1003130-da2,true,3,3,60,x_1003130.1.2.3,s2x_1003130.1.2.3,100,ft,defaultsecondary3p,
s_1003130-da3,true,3,3,60,x_1003130.1.2.3,s3x_1003130.1.2.3,100,ft,defaultsecondary3p,
s_1003130-da4,true,3,3,60,x_1003130.1.2.3,s4x_1003130.1.2.3,100,ft,defaultsecondary3p,
s_1003130-da5,true,3,3,60,x_1003130.1.2.3,s5x_1003130.1.2.3,100,ft,defaultsecondary3p,
s_1003130-da6,true,3,3,60,x_1003130.1.2.3,s6x_1003130.1.2.3,100,ft,defaultsecondary3p,
s_1003130-da7,true,3,3,60,x_1003130.1.2.3,s7x_1003130.1.2.3,100,ft,defaultsecondary3p,
s_1003130-da8,true,3,3,60,x_1003130.1.2.3,s8x_1003130.1.2.3,100,ft,defaultsecondary3p,
s_1003130-da9,true,3,3,60,x_1003130.1.2.3,s9x_1003130.1.2.3,100,ft,defaultsecondary3p,
s_1003130-da10,true,3,3,60,x_1003130.1.2.3,s10x_1003130.1.2.3,100,ft,defaultsecondary3p,
s_1003130-da11,true,3,3,60,x_1003130.1.2.3,s11x_1003130.1.2.3,100,ft,defaultsecondary3p,
s_1003130-da12,true,3,3,60,x_1003130.1.2.3,s12x_1003130.1.2.3,100,ft,defaultsecondary3p,
s_1003130-da13,true,3,3,60,x_1003130.1.2.3,s13x_1003130.1.2.3,100,ft,defaultsecondary3p,
s_1003130-da14,true,3,3,60,x_1003130.1.2.3,s14x_1003130.1.2.3,100,ft,defaultsecondary3p,
s_1003130-da15,true,3,3,60,x_1003130.1.2.3,s15x_1003130.1.2.3,100,ft,defaultsecondary3p,
s_1003130-da16,true,3,3,60,x_1003130.1.2.3,s16x_1003130.1.2.3,100,ft,defaultsecondary3p,
s_1003130-da17,true,3,3,60,x_1003130.1.2.3,s17x_1003130.1.2.3,100,ft,defaultsecondary3p,
s_1003130-da18,true,3,3,60,x_1003130.1.2.3,s18x_1003130.1.2.3,100,ft,defaultsecondary3p,
s_1003130-da19,true,3,3,60,x_1003130.1.2.3,s19x_1003130.1.2.3,100,ft,defaultsecondary3p,
s_1003130-da20,true,3,3,60,x_1003130.1.2.3,s20x_1003130.1.2.3,100,ft,defaultsecondary3p,
s_1003130-da21,true,3,3,60,x_1003130.1.2.3,s21x_1003130.1.2.3,100,ft,defaultsecondary3p,
s_1003130-da22,true,3,3,60,x_1003130.1.2.3,s22x_1003130.1.2.3,100,ft,defaultsecondary3p,
s_1003130-da23,true,3,3,60,x_1003130.1.2.3,s23x_1003130.1.2.3,100,ft,defaultsecondary3p,
s_1003130-da24,true,3,3,60,x_1003130.1.2.3,s24x_1003130.1.2.3,100,ft,defaultsecondary3p,
s_1003130-da25,true,3,3,60,x_1003130.1.2.3,s25x_1003130.1.2.3,100,ft,defaultsecondary3p,
s_1003130-da26,true,3,3,60,x_1003130.1.2.3,s26x_1003130.1.2.3,100,ft,defaultsecondary3p,
s_1003130-da27,true,3,3,60,x_1003130.1.2.3,s27x_1003130.1.2.3,100,ft,defaultsecondary3p,
s_1003130-da28,true,3,3,60,x_1003130.1.2.3,s28x_1003130.1.2.3,100,ft,defaultsecondary3p,
s_1003130-da29,true,3,3,60,x_1003130.1.2.3,s29x_1003130.1.2.3,100,ft,defaultsecondary3p,
s_1003130-da30,true,3,3,60,x_1003130.1.2.3,s30x_1003130.1.2.3,100,ft,defaultsecondary3p,
s_1003130-da31,true,3,3,60,x_1003130.1.2.3,s31x_1003130.1.2.3,100,ft,defaultsecondary3p,
s_1003130-da32,true,3,3,60,x_1003130.1.2.3,s32x_1003130.1.2.3,100,ft,defaultsecondary3p,
s_1003130-da33,true,3,3,60,x_1003130.1.2.3,s33x_1003130.1.2.3,100,ft,defaultsecondary3p,
s_1003130-da34,true,3,3,60,x_1003130.1.2.3,s34x_1003130.1.2.3,100,ft,defaultsecondary3p,
s_1003130-da35,true,3,3,60,x_1003130.1.2.3,s35x_1003130.1.2.3,100,ft,defaultsecondary3p,
s_1003130-da36,true,3,3,60,x_1003130.1.2.3,s36x_1003130.1.2.3,100,ft,defaultsecondary3p,
s_1003130-da37,true,3,3,60,x_1003130.1.2.3,s37x_1003130.1.2.3,100,ft,defaultsecondary3p,
s_1003130-da38,true,3,3,60,x_1003130.1.2.3,s38x_1003130.1.2.3,100,ft,defaultsecondary3p,
s_1003130-da39,true,3,3,60,x_1003130.1.2.3,s39x_1003130.1.2.3,100,ft,defaultsecondary3p,
s_1003130-da40,true,3,3,60,x_1003130.1.2.3,s40x_1003130.1.2.3,100,ft,defaultsecondary3p,
s_1003130-da41,true,3,3,60,x_1003130.1.2.3,s41x_1003130.1.2.3,100,ft,defaultsecondary3p,
s_1003130-da42,true,3,3,60,x_1003130.1.2.3,s42x_1003130.1.2.3,100,ft,defaultsecondary3p,
s_1003130-da43,true,3,3,60,x_1003130.1.2.3,s43x_1003130.1.2.3,100,ft,defaultsecondary3p,
s_1003130-da44,true,3,3,60,x_1003130.1.2.3,s44x_1003130.1.2.3,100,ft,defaultsecondary3p,
s_1003130-da45,true,3,3,60,x_1003130.1.2.3,s45x_1003130.1.2.3,100,ft,defaultsecondary3p,
s_1003130-da46,true,3,3,60,x_1003130.1.2.3,s46x_1003130.1.2.3,100,ft,defaultsecondary3p,
s_1003130-da47,true,3,3,60,x_1003130.1.2.3,s47x_1003130.1.2.3,100,ft,defaultsecondary3p,
s_1003130-da48,true,3,3,60,x_1003130.1.2.3,s48x_1003130.1.2.3,100,ft,defaultsecondary3p,
s_1003130-da49,true,3,3,60,x_1003130.1.2.3,s49x_1003130.1.2.3,100,ft,defaultsecondary3p,
s_1003130-da50,true,3,3,60,x_1003130.1.2.3,s50x_1003130.1.2.3,100,ft,defaultsecondary3p,
s_1003130-da51,true,3,3,60,x_1003130.1.2.3,s51x_1003130.1.2.3,100,ft,defaultsecondary3p,
s_1003130-da52,true,3,3,60,x_1003130.1.2.3,s52x_1003130.1.2.3,100,ft,defaultsecondary3p,
s_1003130-da53,true,3,3,60,x_1003130.1.2.3,s53x_1003130.1.2.3,100,ft,defaultsecondary3p,
s_1003130-da54,true,3,3,60,x_1003130.1.2.3,s54x_1003130.1.2.3,100,ft,defaultsecondary3p,
s_1003130-da55,true,3,3,60,x_1003130.1.2.3,s55x_1003130.1.2.3,100,ft,defaultsecondary3p,
s_1003130-da56,true,3,3,60,x_1003130.1.2.3,s56x_1003130.1.2.3,100,ft,defaultsecondary3p,
s_1003130-da57,true,3,3,60,x_1003130.1.2.3,s57x_1003130.1.2.3,100,ft,defaultsecondary3p,
s_1003130-da58,true,3,3,60,x_1003130.1.2.3,s58x_1003130.1.2.3,100,ft,defaultsecondary3p,
s_1003130-da59,true,3,3,60,x_1003130.1.2.3,s59x_1003130.1.2.3,100,ft,defaultsecondary3p,
s_1003130-da60,true,3,3,60,x_1003130.1.2.3,s60x_1003130.1.2.3,100,ft,defaultsecondary3p,
s_1003130-da61,true,3,3,60,x_1003130.1.2.3,s61x_1003130.1.2.3,100,ft,defaultsecondary3p,
s_1003130-da62,true,3,3,60,x_1003130.1.2.3,s62x_1003130.1.2.3,100,ft,defaultsecondary3p,
s_1003130-da63,true,3,3,60,x_1003130.1.2.3,s63x_1003130.1.2.3,100,ft,defaultsecondary3p,
s_1003130-da64,true,3,3,60,x_1003130.1.2.3,s64x_1003130.1.2.3,100,ft,defaultsecondary3p,
s_1003130-da65,true,3,3,60,x_1003130.1.2.3,s65x_1003130.1.2.3,100,ft,defaultsecondary3p,
s_1003130-da66,true,3,3,60,x_1003130.1.2.3,s66x_1003130.1.2.3,100,ft,defaultsecondary3p,
s_1003130-da67,true,3,3,60,x_1003130.1.2.3,s67x_1003130.1.2.3,100,ft,defaultsecondary3p,
s_1003130-da68,true,3,3,60,x_1003130.1.2.3,s68x_1003130.1.2.3,100,ft,defaultsecondary3p,
s_1003130-da69,true,3,3,60,x_1003130.1.2.3,s69x_1003130.1.2.3,100,ft,defaultsecondary3p,
s_1003130-da70,true,3,3,60,x_1003130.1.2.3,s70x_1003130.1.2.3,100,ft,defaultsecondary3p,
s_1003130-da71,true,3,3,60,x_1003130.1.2.3,s71x_1003130.1.2.3,100,ft,defaultsecondary3p,
s_1003130-da72,true,3,3,60,x_1003130.1.2.3,s72x_1003130.1.2.3,100,ft,defaultsecondary3p,
s_1003130-da73,true,3,3,60,x_1003130.1.2.3,s73x_1003130.1.2.3,100,ft,defaultsecondary3p,
s_1003130-da74,true,3,3,60,x_1003130.1.2.3,s74x_1003130.1.2.3,100,ft,defaultsecondary3p,
s_1003130-da75,true,3,3,60,x_1003130.1.2.3,s75x_1003130.1.2.3,100,ft,defaultsecondary3p,
s_1003130-da76,true,3,3,60,x_1003130.1.2.3,s76x_1003130.1.2.3,100,ft,defaultsecondary3p,
s_1003130-da77,true,3,3,60,x_1003130.1.2.3,s77x_1003130.1.2.3,100,ft,defaultsecondary3p,
s_1003130-da78,true,3,3,60,x_1003130.1.2.3,s78x_1003130.1.2.3,100,ft,defaultsecondary3p,
s_1003130-da79,true,3,3,60,x_1003130.1.2.3,s79x_1003130.1.2.3,100,ft,defaultsecondary3p,
s_1003130-da80,true,3,3,60,x_1003130.1.2.3,s80x_1003130.1.2.3,100,ft,defaultsecondary3p,
s_1003130-da81,true,3,3,60,x_1003130.1.2.3,s81x_1003130.1.2.3,100,ft,defaultsecondary3p,
s_1003130-da82,true,3,3,60,x_1003130.1.2.3,s82x_1003130.1.2.3,100,ft,defaultsecondary3p,
s_1003130-da83,true,3,3,60,x_1003130.1.2.3,s83x_1003130.1.2.3,100,ft,defaultsecondary3p,
s_1003130-da84,true,3,3,60,x_1003130.1.2.3,s84x_1003130.1.2.3,100,ft,defaultsecondary3p,
s_1003130-da85,true,3,3,60,x_1003130.1.2.3,s85x_1003130.1.2.3,100,ft,defaultsecondary3p,
s_1003130-da86,true,3,3,60,x_1003130.1.2.3,s86x_1003130.1.2.3,100,ft,defaultsecondary3p,
s_1003130-da87,true,3,3,60,x_1003130.1.2.3,s87x_1003130.1.2.3,100,ft,defaultsecondary3p,
s_1003130-da88,true,3,3,60,x_1003130.1.2.3,s88x_1003130.1.2.3,100,ft,defaultsecondary3p,
s_1003130-da89,true,3,3,60,x_1003130.1.2.3,s89x_1003130.1.2.3,100,ft,defaultsecondary3p,
s_1003130-da90,true,3,3,60,x_1003130.1.2.3,s90x_1003130.1.2.3,100,ft,defaultsecondary3p,
s_1003130-da91,true,3,3,60,x_1003130.1.2.3,s91x_1003130.1.2.3,100,ft,defaultsecondary3p,
s_1003130-da92,true,3,3,60,x_1003130.1.2.3,s92x_1003130.1.2.3,100,ft,defaultsecondary3p,
s_1003130-da93,true,3,3,60,x_1003130.1.2.3,s93x_1003130.1.2.3,100,ft,defaultsecondary3p,
s_1003130-da94,true,3,3,60,x_1003130.1.2.3,s94x_1003130.1.2.3,100,ft,defaultsecondary3p,
s_1003130-da95,true,3,3,60,x_1003130.1.2.3,s95x_1003130.1.2.3,100,ft,defaultsecondary3p,
s_1003130-da96,true,3,3,60,x_1003130.1.2.3,s96x_1003130.1.2.3,100,ft,defaultsecondary3p,
s_1003130-da97,true,3,3,60,x_1003130.1.2.3,s97x_1003130.1.2.3,100,ft,defaultsecondary3p,
s_1003130-da98,true,3,3,60,x_1003130.1.2.3,s98x_1003130.1.2.3,100,ft,defaultsecondary3p,
s_1003130-da99,true,3,3,60,x_1003130.1.2.3,s99x_1003130.1.2.3,100,ft,defaultsecondary3p,
s_1003130-da100,true,3,3,60,x_1003130.1.2.3,s100x_1003130.1.2.3,100,ft,defaultsecondary3p,
s_1003130-da101,true,3,3,60,x_1003130.1.2.3,s101x_1003130.1.2.3,100,ft,defaultsecondary3p,
s_1003130-da102,true,3,3,60,x_1003130.1.2.3,s102x_1003130.1.2.3,100,ft,defaultsecondary3p,
s_1003130-da103,true,3,3,60,x_1003130.1.2.3,s103x_1003130.1.2.3,100,ft,defaultsecondary3p,
s_1003130-da104,true,3,3,60,x_1003130.1.2.3,s104x_1003130.1.2.3,100,ft,defaultsecondary3p,
s_1003130-da105,true,3,3,60,x_1003130.1.2.3,s105x_1003130.1.2.3,100,ft,defaultsecondary3p,
s_1003130-da106,true,3,3,60,x_1003130.1.2.3,s106x_1003130.1.2.3,100,ft,defaultsecondary3p,
s_1003130-da107,true,3,3,60,x_1003130.1.2.3,s107x_1003130.1.2.3,100,ft,defaultsecondary3p,
s_1003130-da108,true,3,3,60,x_1003130.1.2.3,s108x_1003130.1.2.3,100,ft,defaultsecondary3p,
s_1003130-da109,true,3,3,60,x_1003130.1.2.3,s109x_1003130.1.2.3,100,ft,defaultsecondary3p,
s_1003130-da110,true,3,3,60,x_1003130.1.2.3,s110x_1003130.1.2.3,100,ft,defaultsecondary3p,
s_1003130-da111,true,3,3,60,x_1003130.1.2.3,s111x_1003130.1.2.3,100,ft,defaultsecondary3p,
s_1003130-da112,true,3,3,60,x_1003130.1.2.3,s112x_1003130.1.2.3,100,ft,defaultsecondary3p,
s_1003130-da113,true,3,3,60,x_1003130.1.2.3,s113x_1003130.1.2.3,100,ft,defaultsecondary3p,
s_1003130-da114,true,3,3,60,x_1003130.1.2.3,s114x_1003130.1.2.3,100,ft,defaultsecondary3p,
s_1003130-da115,true,3,3,60,x_1003130.1.2.3,s115x_1003130.1.2.3,100,ft,defaultsecondary3p,
s_1003130-da116,true,3,3,60,x_1003130.1.2.3,s116x_1003130.1.2.3,100,ft,defaultsecondary3p,
s_1003130-da117,true,3,3,60,x_1003130.1.2.3,s117x_1003130.1.2.3,100,ft,defaultsecondary3p,
s_1003130-da118,true,3,3,60,x_1003130.1.2.3,s118x_1003130.1.2.3,100,ft,defaultsecondary3p,
s_1003130-da119,true,3,3,60,x_1003130.1.2.3,s119x_1003130.1.2.3,100,ft,defaultsecondary3p,
s_1003130-da120,true,3,3,60,x_1003130.1.2.3,s120x_1003130.1.2.3,100,ft,defaultsecondary3p,
s_1003130-da121,true,3,3,60,x_1003130.1.2.3,s121x_1003130.1.2.3,100,ft,defaultsecondary3p,
s_1003130-da122,true,3,3,60,x_1003130.1.2.3,s122x_1003130.1.2.3,100,ft,defaultsecondary3p,
s_1003130-da123,true,3,3,60,x_1003130.1.2.3,s123x_1003130.1.2.3,100,ft,defaultsecondary3p,
s_1003130-da124,true,3,3,60,x_1003130.1.2.3,s124x_1003130.1.2.3,100,ft,defaultsecondary3p,
s_1003130-da125,true,3,3,60,x_1003130.1.2.3,s125x_1003130.1.2.3,100,ft,defaultsecondary3p,
s_1003130-da126,true,3,3,60,x_1003130.1.2.3,s126x_1003130.1.2.3,100,ft,defaultsecondary3p,
s_1003130-da127,true,3,3,60,x_1003130.1.2.3,s127x_1003130.1.2.3,100,ft,defaultsecondary3p,
s_1003130-da128,true,3,3,60,x_1003130.1.2.3,s128x_1003130.1.2.3,100,ft,defaultsecondary3p,
s_1003130-da129,true,3,3,60,x_1003130.1.2.3,s129x_1003130.1.2.3,100,ft,defaultsecondary3p,
s_1003130-da130,true,3,3,60,x_1003130.1.2.3,s130x_1003130.1.2.3,100,ft,defaultsecondary3p,
s_1003130-da131,true,3,3,60,x_1003130.1.2.3,s131x_1003130.1.2.3,100,ft,defaultsecondary3p,
s_1003130-da132,true,3,3,60,x_1003130.1.2.3,s132x_1003130.1.2.3,100,ft,defaultsecondary3p,
s_1003130-da133,true,3,3,60,x_1003130.1.2.3,s133x_1003130.1.2.3,100,ft,defaultsecondary3p,
s_1003130-da134,true,3,3,60,x_1003130.1.2.3,s134x_1003130.1.2.3,100,ft,defaultsecondary3p,
s_1003130-da135,true,3,3,60,x_1003130.1.2.3,s135x_1003130.1.2.3,100,ft,defaultsecondary3p,
s_1003130-da136,true,3,3,60,x_1003130.1.2.3,s136x_1003130.1.2.3,100,ft,defaultsecondary3p,
s_1003130-da137,true,3,3,60,x_1003130.1.2.3,s137x_1003130.1.2.3,100,ft,defaultsecondary3p,
s_1003130-da138,true,3,3,60,x_1003130.1.2.3,s138x_1003130.1.2.3,100,ft,defaultsecondary3p,
s_1003130-da139,true,3,3,60,x_1003130.1.2.3,s139x_1003130.1.2.3,100,ft,defaultsecondary3p,
s_1003130-da140,true,3,3,60,x_1003130.1.2.3,s140x_1003130.1.2.3,100,ft,defaultsecondary3p,
s_1003130-da141,true,3,3,60,x_1003130.1.2.3,s141x_1003130.1.2.3,100,ft,defaultsecondary3p,
s_1003130-da142,true,3,3,60,x_1003130.1.2.3,s142x_1003130.1.2.3,100,ft,defaultsecondary3p,
s_1003130-da143,true,3,3,60,x_1003130.1.2.3,s143x_1003130.1.2.3,100,ft,defaultsecondary3p,
s_1003130-da144,true,3,3,60,x_1003130.1.2.3,s144x_1003130.1.2.3,100,ft,defaultsecondary3p,
s_1003130-da145,true,3,3,60,x_1003130.1.2.3,s145x_1003130.1.2.3,100,ft,defaultsecondary3p,
s_1003130-da146,true,3,3,60,x_1003130.1.2.3,s146x_1003130.1.2.3,100,ft,defaultsecondary3p,
s_1003130-da147,true,3,3,60,x_1003130.1.2.3,s147x_1003130.1.2.3,100,ft,defaultsecondary3p,
s_1003130-da148,true,3,3,60,x_1003130.1.2.3,s148x_1003130.1.2.3,100,ft,defaultsecondary3p,
s_1003130-da149,true,3,3,60,x_1003130.1.2.3,s149x_1003130.1.2.3,100,ft,defaultsecondary3p,
s_1003130-da150,true,3,3,60,x_1003130.1.2.3,s150x_1003130.1.2.3,100,ft,defaultsecondary3p,
s_1003130-da151,true,3,3,60,x_1003130.1.2.3,s151x_1003130.1.2.3,100,ft,defaultsecondary3p,
s_1003130-da152,true,3,3,60,x_1003130.1.2.3,s152x_1003130.1.2.3,100,ft,defaultsecondary3p,
s_1003130-da153,true,3,3,60,x_1003130.1.2.3,s153x_1003130.1.2.3,100,ft,defaultsecondary3p,
s_1003130-da154,true,3,3,60,x_1003130.1.2.3,s154x_1003130.1.2.3,100,ft,defaultsecondary3p,
s_1003130-da155,true,3,3,60,x_1003130.1.2.3,s155x_1003130.1.2.3,100,ft,defaultsecondary3p,
s_1003130-da156,true,3,3,60,x_1003130.1.2.3,s156x_1003130.1.2.3,100,ft,defaultsecondary3p,
s_1003130-da157,true,3,3,60,x_1003130.1.2.3,s157x_1003130.1.2.3,100,ft,defaultsecondary3p,
s_1003130-da158,true,3,3,60,x_1003130.1.2.3,s158x_1003130.1.2.3,100,ft,defaultsecondary3p,
s_1003130-da159,true,3,3,60,x_1003130.1.2.3,s159x_1003130.1.2.3,100,ft,defaultsecondary3p,
s_1003130-da160,true,3,3,60,x_1003130.1.2.3,s160x_1003130.1.2.3,100,ft,defaultsecondary3p,
s_1003130-da161,true,3,3,60,x_1003130.1.2.3,s161x_1003130.1.2.3,100,ft,defaultsecondary3p,
s_1003130-da162,true,3,3,60,x_1003130.1.2.3,s162x_1003130.1.2.3,100,ft,defaultsecondary3p,
s_1003130-da163,true,3,3,60,x_1003130.1.2.3,s163x_1003130.1.2.3,100,ft,defaultsecondary3p,
s_1003130-da164,true,3,3,60,x_1003130.1.2.3,s164x_1003130.1.2.3,100,ft,defaultsecondary3p,
s_1003130-da165,true,3,3,60,x_1003130.1.2.3,s165x_1003130.1.2.3,100,ft,defaultsecondary3p,
s_1003130-da166,true,3,3,60,x_1003130.1.2.3,s166x_1003130.1.2.3,100,ft,defaultsecondary3p,
s_1003130-da167,true,3,3,60,x_1003130.1.2.3,s167x_1003130.1.2.3,100,ft,defaultsecondary3p,
s_1003130-da168,true,3,3,60,x_1003130.1.2.3,s168x_1003130.1.2.3,100,ft,defaultsecondary3p,
s_1003140-da1,true,3,3,60,x_1003140.1.2.3,s1x_1003140.1.2.3,100,ft,defaultsecondary3p,
s_1003140-da2,true,3,3,60,x_1003140.1.2.3,s2x_1003140.1.2.3,100,ft,defaultsecondary3p,
s_1003140-da3,true,3,3,60,x_1003140.1.2.3,s3x_1003140.1.2.3,100,ft,defaultsecondary3p,
s_1007732-da1,true,1,1,60,x_1007732.1,s1x_1007732.1,100,ft,defaultsecondary,
s_1007732-db1,true,1,1,60,x_1007732.2,s1x_1007732.2,100,ft,defaultsecondary,
s_1007732-dc1,true,1,1,60,x_1007732.3,s1x_1007732.3,100,ft,defaultsecondary,
s_1007805-da1,true,1,1,60,x_1007805.1,s1x_1007805.1,100,ft,defaultsecondary,
s_1007805-da2,true,1,1,60,x_1007805.1,s2x_1007805.1,100,ft,defaultsecondary,
s_1007805-db1,true,1,1,60,x_1007805.2,s1x_1007805.2,100,ft,defaultsecondary,
s_1007805-db2,true,1,1,60,x_1007805.2,s2x_1007805.2,100,ft,defaultsecondary,
s_1007805-dc1,true,1,1,60,x_1007805.3,s1x_1007805.3,100,ft,defaultsecondary,
s_1007805-dc2,true,1,1,60,x_1007805.3,s2x_1007805.3,100,ft,defaultsecondary,
