transformer,winding,terminal,connection,kv,kva,tap,r_pct,r_neut,x_neut,max_tap,min_tap,num_taps
sub1,1,sourcebus,delta,115,41700,1,0.000056,-1,0,1.1,0.9,32
sub1,2,ckt7.1.2.3.0,wye,12.47,41700,1,8E-6,-1,0,1.1,0.9,32
sub2,1,sourcebus,delta,115,41700,1,0.000056,-1,0,1.1,0.9,32
sub2,2,ckt7.1.2.3.0,wye,12.47,41700,1,8E-6,-1,0,1.1,0.9,32
sub3,1,sourcebus,delta,115,41700,1,0.000056,-1,0,1.1,0.9,32
sub3,2,ckt7.1.2.3.0,wye,12.47,41700,1,8E-6,-1,0,1.1,0.9,32
0862099_xfmr_abc,1,157347.1.2.3,delta,12.47,150,1,0.0051,-1,0,1.1,0.9,32
0862099_xfmr_abc,2,x_0862099.1.2.3,wye,0.208,150,1,0.0051,-1,0,1.1,0.9,32
1000663_xfmr_a,1,165442.1,wye,7.19956121359083,25,1,0.005500000000000001,-1,0,1.1,0.9,32
1000663_xfmr_a,2,x_1000663.1,wye,0.24,25,1,0.005500000000000001,-1,0,1.1,0.9,32
1000663_xfmr_b,1,165442.2,wye,7.19956121359083,25,1,0.005500000000000001,-1,0,1.1,0.9,32
1000663_xfmr_b,2,x_1000663.2,wye,0.24,25,1,0.005500000000000001,-1,0,1.1,0.9,32
1000663_xfmr_c,1,165442.3,wye,7.19956121359083,25,1,0.005500000000000001,-1,0,1.1,0.9,32
1000663_xfmr_c,2,x_1000663.3,wye,0.24,25,1,0.005500000000000001,-1,0,1.1,0.9,32
1000252_xfmr_b,1,165448.2,wye,7.19956121359083,37,1,0.005,-1,0,1.1,0.9,32
1000252_xfmr_b,2,x_1000252.2,wye,0.24,37,1,0.005,-1,0,1.1,0.9,32
1001652_xfmr_a,1,165450.1,wye,7.19956121359083,25,1,0.005500000000000001,-1,0,1.1,0.9,32
1001652_xfmr_a,2,x_1001652.1,wye,0.24,25,1,0.005500000000000001,-1,0,1.1,0.9,32
1001746_xfmr_abc,1,165452.1.2.3,delta,12.47,300,1,0.00349,-1,0,1.1,0.9,32
1001746_xfmr_abc,2,x_1001746.1.2.3,wye,0.208,300,1,0.00349,-1,0,1.1,0.9,32
1000502_xfmr_b,1,165453.2,wye,7.19956121359083,75,1,0.004,-1,0,1.1,0.9,32
1000502_xfmr_b,2,x_1000502.2,wye,0.24,75,1,0.004,-1,0,1.1,0.9,32
1000824_xfmr_a,1,165454.1,wye,7.19956121359083,25,1,0.005500000000000001,-1,0,1.1,0.9,32
1000824_xfmr_a,2,x_1000824.1,wye,0.24,25,1,0.005500000000000001,-1,0,1.1,0.9,32
1000824_xfmr_b,1,165454.2,wye,7.19956121359083,25,1,0.005500000000000001,-1,0,1.1,0.9,32
1000824_xfmr_b,2,x_1000824.2,wye,0.24,25,1,0.005500000000000001,-1,0,1.1,0.9,32
1000824_xfmr_c,1,165454.3,wye,7.19956121359083,25,1,0.005500000000000001,-1,0,1.1,0.9,32
1000824_xfmr_c,2,x_1000824.3,wye,0.24,25,1,0.005500000000000001,-1,0,1.1,0.9,32
1001745_xfmr_abc,1,165457.1.2.3,delta,12.47,300,1,0.00349,-1,0,1.1,0.9,32
1001745_xfmr_abc,2,x_1001745.1.2.3,wye,0.208,300,1,0.00349,-1,0,1.1,0.9,32
1001329_xfmr_abc,1,165460.1.2.3,delta,12.47,150,1,0.0051,-1,0,1.1,0.9,32
1001329_xfmr_abc,2,x_1001329.1.2.3,wye,0.208,150,1,0.0051,-1,0,1.1,0.9,32
1001359_xfmr_abc,1,165462.1.2.3,delta,12.47,500.01,1,0.005500000000000001,-1,0,1.1,0.9,32
1001359_xfmr_abc,2,x_1001359.1.2.3,wye,0.208,500.01,1,0.005500000000000001,-1,0,1.1,0.9,32
1001330_xfmr_abc,1,165465.1.2.3,delta,12.47,300,1,0.00349,-1,0,1.1,0.9,32
1001330_xfmr_abc,2,x_1001330.1.2.3,wye,0.208,300,1,0.00349,-1,0,1.1,0.9,32
1002020_xfmr_abc,1,165466.1.2.3,delta,12.47,150,1,0.0051,-1,0,1.1,0.9,32
1002020_xfmr_abc,2,x_1002020.1.2.3,wye,0.208,150,1,0.0051,-1,0,1.1,0.9,32
1000672_xfmr_a,1,165467.1,wye,7.19956121359083,25,1,0.005500000000000001,-1,0,1.1,0.9,32
1000672_xfmr_a,2,x_1000672.1,wye,0.24,25,1,0.005500000000000001,-1,0,1.1,0.9,32
1001809_xfmr_b,1,165468.2,wye,7.19956121359083,10,1,0.006500000000000001,-1,0,1.1,0.9,32
1001809_xfmr_b,2,x_1001809.2,wye,0.24,10,1,0.006500000000000001,-1,0,1.1,0.9,32
1001708_xfmr_abc,1,165477.1.2.3,delta,12.47,750,1,0.005500000000000001,-1,0,1.1,0.9,32
1001708_xfmr_abc,2,x_1001708.1.2.3,wye,0.208,750,1,0.005500000000000001,-1,0,1.1,0.9,32
1001331_xfmr_b,1,165480.2,wye,7.19956121359083,25,1,0.005500000000000001,-1,0,1.1,0.9,32
1001331_xfmr_b,2,x_1001331.2,wye,0.24,25,1,0.005500000000000001,-1,0,1.1,0.9,32
1001345_xfmr_abc,1,165483.1.2.3,delta,12.47,150,1,0.0051,-1,0,1.1,0.9,32
1001345_xfmr_abc,2,x_1001345.1.2.3,wye,0.208,150,1,0.0051,-1,0,1.1,0.9,32
1000933_xfmr_abc,1,165484.1.2.3,delta,12.47,150,1,0.0051,-1,0,1.1,0.9,32
1000933_xfmr_abc,2,x_1000933.1.2.3,wye,0.208,150,1,0.0051,-1,0,1.1,0.9,32
1001823_xfmr_a,1,165485.1,wye,7.19956121359083,37,1,0.005,-1,0,1.1,0.9,32
1001823_xfmr_a,2,x_1001823.1,wye,0.24,37,1,0.005,-1,0,1.1,0.9,32
1001822_xfmr_a,1,165486.1,wye,7.19956121359083,5,1,0.0105,-1,0,1.1,0.9,32
1001822_xfmr_a,2,x_1001822.1,wye,0.24,5,1,0.0105,-1,0,1.1,0.9,32
1001822_xfmr_b,1,165486.2,wye,7.19956121359083,5,1,0.0105,-1,0,1.1,0.9,32
1001822_xfmr_b,2,x_1001822.2,wye,0.24,5,1,0.0105,-1,0,1.1,0.9,32
1001822_xfmr_c,1,165486.3,wye,7.19956121359083,5,1,0.0105,-1,0,1.1,0.9,32
1001822_xfmr_c,2,x_1001822.3,wye,0.24,5,1,0.0105,-1,0,1.1,0.9,32
1000042_xfmr_a,1,165491.1,wye,7.19956121359083,100,1,0.004,-1,0,1.1,0.9,32
1000042_xfmr_a,2,x_1000042.1,wye,0.24,100,1,0.004,-1,0,1.1,0.9,32
1000077_xfmr_a,1,165492.1,wye,7.19956121359083,50,1,0.004500000000000001,-1,0,1.1,0.9,32
1000077_xfmr_a,2,x_1000077.1,wye,0.24,50,1,0.004500000000000001,-1,0,1.1,0.9,32
1000474_xfmr_a,1,165493.1,wye,7.19956121359083,50,1,0.004500000000000001,-1,0,1.1,0.9,32
1000474_xfmr_a,2,x_1000474.1,wye,0.24,50,1,0.004500000000000001,-1,0,1.1,0.9,32
1000043_xfmr_a,1,165494.1,wye,7.19956121359083,50,1,0.004500000000000001,-1,0,1.1,0.9,32
1000043_xfmr_a,2,x_1000043.1,wye,0.24,50,1,0.004500000000000001,-1,0,1.1,0.9,32
1001567_xfmr_abc,1,165503.1.2.3,delta,12.47,150,1,0.0051,-1,0,1.1,0.9,32
1001567_xfmr_abc,2,x_1001567.1.2.3,wye,0.208,150,1,0.0051,-1,0,1.1,0.9,32
1000232_xfmr_c,1,181884.3,wye,7.19956121359083,37,1,0.005,-1,0,1.1,0.9,32
1000232_xfmr_c,2,x_1000232.3,wye,0.24,37,1,0.005,-1,0,1.1,0.9,32
1000233_xfmr_b,1,181885.2,wye,7.19956121359083,37,1,0.005,-1,0,1.1,0.9,32
1000233_xfmr_b,2,x_1000233.2,wye,0.24,37,1,0.005,-1,0,1.1,0.9,32
1000569_xfmr_abc,1,181893.1.2.3,delta,12.47,300,1,0.00349,-1,0,1.1,0.9,32
1000569_xfmr_abc,2,x_1000569.1.2.3,wye,0.208,300,1,0.00349,-1,0,1.1,0.9,32
1000746_xfmr_abc,1,181894.1.2.3,delta,12.47,300,1,0.00349,-1,0,1.1,0.9,32
1000746_xfmr_abc,2,x_1000746.1.2.3,wye,0.208,300,1,0.00349,-1,0,1.1,0.9,32
1001016_xfmr_abc,1,181897.1.2.3,delta,12.47,150,1,0.0051,-1,0,1.1,0.9,32
1001016_xfmr_abc,2,x_1001016.1.2.3,wye,0.208,150,1,0.0051,-1,0,1.1,0.9,32
1000608_xfmr_a,1,181898.1,wye,7.19956121359083,75,1,0.004,-1,0,1.1,0.9,32
1000608_xfmr_a,2,x_1000608.1,wye,0.24,75,1,0.004,-1,0,1.1,0.9,32
1000609_xfmr_a,1,181899.1,wye,7.19956121359083,50,1,0.004500000000000001,-1,0,1.1,0.9,32
1000609_xfmr_a,2,x_1000609.1,wye,0.24,50,1,0.004500000000000001,-1,0,1.1,0.9,32
1000610_xfmr_a,1,181900.1,wye,7.19956121359083,100,1,0.004,-1,0,1.1,0.9,32
1000610_xfmr_a,2,x_1000610.1,wye,0.24,100,1,0.004,-1,0,1.1,0.9,32
1000611_xfmr_a,1,181901.1,wye,7.19956121359083,50,1,0.004500000000000001,-1,0,1.1,0.9,32
1000611_xfmr_a,2,x_1000611.1,wye,0.24,50,1,0.004500000000000001,-1,0,1.1,0.9,32
1000612_xfmr_a,1,181902.1,wye,7.19956121359083,100,1,0.004,-1,0,1.1,0.9,32
1000612_xfmr_a,2,x_1000612.1,wye,0.24,100,1,0.004,-1,0,1.1,0.9,32
1000598_xfmr_c,1,181903.3,wye,7.19956121359083,75,1,0.004,-1,0,1.1,0.9,32
1000598_xfmr_c,2,x_1000598.3,wye,0.24,75,1,0.004,-1,0,1.1,0.9,32
1000599_xfmr_c,1,181904.3,wye,7.19956121359083,75,1,0.004,-1,0,1.1,0.9,32
1000599_xfmr_c,2,x_1000599.3,wye,0.24,75,1,0.004,-1,0,1.1,0.9,32
1000600_xfmr_c,1,181905.3,wye,7.19956121359083,50,1,0.004500000000000001,-1,0,1.1,0.9,32
1000600_xfmr_c,2,x_1000600.3,wye,0.24,50,1,0.004500000000000001,-1,0,1.1,0.9,32
1000602_xfmr_c,1,181906.3,wye,7.19956121359083,50,1,0.004500000000000001,-1,0,1.1,0.9,32
1000602_xfmr_c,2,x_1000602.3,wye,0.24,50,1,0.004500000000000001,-1,0,1.1,0.9,32
1000601_xfmr_c,1,181907.3,wye,7.19956121359083,50,1,0.004500000000000001,-1,0,1.1,0.9,32
1000601_xfmr_c,2,x_1000601.3,wye,0.24,50,1,0.004500000000000001,-1,0,1.1,0.9,32
1000603_xfmr_b,1,181910.2,wye,7.19956121359083,75,1,0.004,-1,0,1.1,0.9,32
1000603_xfmr_b,2,x_1000603.2,wye,0.24,75,1,0.004,-1,0,1.1,0.9,32
1000604_xfmr_b,1,181911.2,wye,7.19956121359083,75,1,0.004,-1,0,1.1,0.9,32
1000604_xfmr_b,2,x_1000604.2,wye,0.24,75,1,0.004,-1,0,1.1,0.9,32
1000605_xfmr_b,1,181912.2,wye,7.19956121359083,100,1,0.004,-1,0,1.1,0.9,32
1000605_xfmr_b,2,x_1000605.2,wye,0.24,100,1,0.004,-1,0,1.1,0.9,32
1000606_xfmr_b,1,181913.2,wye,7.19956121359083,75,1,0.004,-1,0,1.1,0.9,32
1000606_xfmr_b,2,x_1000606.2,wye,0.24,75,1,0.004,-1,0,1.1,0.9,32
1001349_xfmr_b,1,181914.2,wye,7.19956121359083,50,1,0.004500000000000001,-1,0,1.1,0.9,32
1001349_xfmr_b,2,x_1001349.2,wye,0.24,50,1,0.004500000000000001,-1,0,1.1,0.9,32
1000607_xfmr_b,1,181915.2,wye,7.19956121359083,50,1,0.004500000000000001,-1,0,1.1,0.9,32
1000607_xfmr_b,2,x_1000607.2,wye,0.24,50,1,0.004500000000000001,-1,0,1.1,0.9,32
1001933_xfmr_abc,1,181935.1.2.3,delta,12.47,999.99,1,0.005,-1,0,1.1,0.9,32
1001933_xfmr_abc,2,x_1001933.1.2.3,wye,0.208,999.99,1,0.005,-1,0,1.1,0.9,32
1000198_xfmr_a,1,181936.1,wye,7.19956121359083,10,1,0.006500000000000001,-1,0,1.1,0.9,32
1000198_xfmr_a,2,x_1000198.1,wye,0.24,10,1,0.006500000000000001,-1,0,1.1,0.9,32
1000548_xfmr_a,1,181937.1,wye,7.19956121359083,50,1,0.004500000000000001,-1,0,1.1,0.9,32
1000548_xfmr_a,2,x_1000548.1,wye,0.24,50,1,0.004500000000000001,-1,0,1.1,0.9,32
1000069_xfmr_abc,1,181938.1.2.3,delta,12.47,300,1,0.00349,-1,0,1.1,0.9,32
1000069_xfmr_abc,2,x_1000069.1.2.3,wye,0.208,300,1,0.00349,-1,0,1.1,0.9,32
1001316_xfmr_abc,1,181941.1.2.3,delta,12.47,150,1,0.0051,-1,0,1.1,0.9,32
1001316_xfmr_abc,2,x_1001316.1.2.3,wye,0.208,150,1,0.0051,-1,0,1.1,0.9,32
1000531_xfmr_a,1,181950.1,wye,7.19956121359083,75,1,0.004,-1,0,1.1,0.9,32
1000531_xfmr_a,2,x_1000531.1,wye,0.24,75,1,0.004,-1,0,1.1,0.9,32
1000533_xfmr_a,1,181951.1,wye,7.19956121359083,75,1,0.004,-1,0,1.1,0.9,32
1000533_xfmr_a,2,x_1000533.1,wye,0.24,75,1,0.004,-1,0,1.1,0.9,32
1000532_xfmr_a,1,181952.1,wye,7.19956121359083,100,1,0.004,-1,0,1.1,0.9,32
1000532_xfmr_a,2,x_1000532.1,wye,0.24,100,1,0.004,-1,0,1.1,0.9,32
1000582_xfmr_a,1,181953.1,wye,7.19956121359083,50,1,0.004500000000000001,-1,0,1.1,0.9,32
1000582_xfmr_a,2,x_1000582.1,wye,0.24,50,1,0.004500000000000001,-1,0,1.1,0.9,32
1000581_xfmr_a,1,181954.1,wye,7.19956121359083,50,1,0.004500000000000001,-1,0,1.1,0.9,32
1000581_xfmr_a,2,x_1000581.1,wye,0.24,50,1,0.004500000000000001,-1,0,1.1,0.9,32
1000537_xfmr_a,1,181955.1,wye,7.19956121359083,75,1,0.004,-1,0,1.1,0.9,32
1000537_xfmr_a,2,x_1000537.1,wye,0.24,75,1,0.004,-1,0,1.1,0.9,32
1000536_xfmr_a,1,181956.1,wye,7.19956121359083,100,1,0.004,-1,0,1.1,0.9,32
1000536_xfmr_a,2,x_1000536.1,wye,0.24,100,1,0.004,-1,0,1.1,0.9,32
1000534_xfmr_c,1,181957.3,wye,7.19956121359083,25,1,0.005500000000000001,-1,0,1.1,0.9,32
1000534_xfmr_c,2,x_1000534.3,wye,0.24,25,1,0.005500000000000001,-1,0,1.1,0.9,32
1000535_xfmr_c,1,181958.3,wye,7.19956121359083,100,1,0.004,-1,0,1.1,0.9,32
1000535_xfmr_c,2,x_1000535.3,wye,0.24,100,1,0.004,-1,0,1.1,0.9,32
1000586_xfmr_c,1,181959.3,wye,7.19956121359083,50,1,0.004500000000000001,-1,0,1.1,0.9,32
1000586_xfmr_c,2,x_1000586.3,wye,0.24,50,1,0.004500000000000001,-1,0,1.1,0.9,32
1000589_xfmr_c,1,181960.3,wye,7.19956121359083,100,1,0.004,-1,0,1.1,0.9,32
1000589_xfmr_c,2,x_1000589.3,wye,0.24,100,1,0.004,-1,0,1.1,0.9,32
1000587_xfmr_c,1,181961.3,wye,7.19956121359083,75,1,0.004,-1,0,1.1,0.9,32
1000587_xfmr_c,2,x_1000587.3,wye,0.24,75,1,0.004,-1,0,1.1,0.9,32
1000588_xfmr_c,1,181962.3,wye,7.19956121359083,75,1,0.004,-1,0,1.1,0.9,32
1000588_xfmr_c,2,x_1000588.3,wye,0.24,75,1,0.004,-1,0,1.1,0.9,32
1000585_xfmr_c,1,181965.3,wye,7.19956121359083,50,1,0.004500000000000001,-1,0,1.1,0.9,32
1000585_xfmr_c,2,x_1000585.3,wye,0.24,50,1,0.004500000000000001,-1,0,1.1,0.9,32
1000584_xfmr_c,1,181966.3,wye,7.19956121359083,100,1,0.004,-1,0,1.1,0.9,32
1000584_xfmr_c,2,x_1000584.3,wye,0.24,100,1,0.004,-1,0,1.1,0.9,32
1000583_xfmr_c,1,181967.3,wye,7.19956121359083,75,1,0.004,-1,0,1.1,0.9,32
1000583_xfmr_c,2,x_1000583.3,wye,0.24,75,1,0.004,-1,0,1.1,0.9,32
1000016_xfmr_b,1,181975.2,wye,7.19956121359083,25,1,0.005500000000000001,-1,0,1.1,0.9,32
1000016_xfmr_b,2,x_1000016.2,wye,0.24,25,1,0.005500000000000001,-1,0,1.1,0.9,32
1000015_xfmr_a,1,181976.1,wye,7.19956121359083,50,1,0.004500000000000001,-1,0,1.1,0.9,32
1000015_xfmr_a,2,x_1000015.1,wye,0.24,50,1,0.004500000000000001,-1,0,1.1,0.9,32
1000764_xfmr_abc,1,181980.1.2.3,delta,12.47,999.99,1,0.005,-1,0,1.1,0.9,32
1000764_xfmr_abc,2,x_1000764.1.2.3,wye,0.208,999.99,1,0.005,-1,0,1.1,0.9,32
1001685_xfmr_abc,1,181981.1.2.3,delta,12.47,1500,1,0.004500000000000001,-1,0,1.1,0.9,32
1001685_xfmr_abc,2,x_1001685.1.2.3,wye,0.208,1500,1,0.004500000000000001,-1,0,1.1,0.9,32
1001819_xfmr_a,1,181985.1,wye,7.19956121359083,10,1,0.006500000000000001,-1,0,1.1,0.9,32
1001819_xfmr_a,2,x_1001819.1,wye,0.24,10,1,0.006500000000000001,-1,0,1.1,0.9,32
1000199_xfmr_a,1,181986.1,wye,7.19956121359083,15,1,0.006500000000000001,-1,0,1.1,0.9,32
1000199_xfmr_a,2,x_1000199.1,wye,0.24,15,1,0.006500000000000001,-1,0,1.1,0.9,32
1000199_xfmr_b,1,181986.2,wye,7.19956121359083,15,1,0.006500000000000001,-1,0,1.1,0.9,32
1000199_xfmr_b,2,x_1000199.2,wye,0.24,15,1,0.006500000000000001,-1,0,1.1,0.9,32
1000199_xfmr_c,1,181986.3,wye,7.19956121359083,15,1,0.006500000000000001,-1,0,1.1,0.9,32
1000199_xfmr_c,2,x_1000199.3,wye,0.24,15,1,0.006500000000000001,-1,0,1.1,0.9,32
1000567_xfmr_abc,1,181989.1.2.3,delta,12.47,300,1,0.00349,-1,0,1.1,0.9,32
1000567_xfmr_abc,2,x_1000567.1.2.3,wye,0.208,300,1,0.00349,-1,0,1.1,0.9,32
1001665_xfmr_abc,1,181990.1.2.3,delta,12.47,999.99,1,0.005,-1,0,1.1,0.9,32
1001665_xfmr_abc,2,x_1001665.1.2.3,wye,0.208,999.99,1,0.005,-1,0,1.1,0.9,32
1001577_xfmr_abc,1,181991.1.2.3,delta,12.47,2000.01,1,0.004500000000000001,-1,0,1.1,0.9,32
1001577_xfmr_abc,2,x_1001577.1.2.3,wye,0.208,2000.01,1,0.004500000000000001,-1,0,1.1,0.9,32
1000670_xfmr_b,1,181994.2,wye,7.19956121359083,10,1,0.006500000000000001,-1,0,1.1,0.9,32
1000670_xfmr_b,2,x_1000670.2,wye,0.24,10,1,0.006500000000000001,-1,0,1.1,0.9,32
1001339_xfmr_a,1,181995.1,wye,7.19956121359083,10,1,0.006500000000000001,-1,0,1.1,0.9,32
1001339_xfmr_a,2,x_1001339.1,wye,0.24,10,1,0.006500000000000001,-1,0,1.1,0.9,32
1001805_xfmr_a,1,182002.1,wye,7.19956121359083,10,1,0.006500000000000001,-1,0,1.1,0.9,32
1001805_xfmr_a,2,x_1001805.1,wye,0.24,10,1,0.006500000000000001,-1,0,1.1,0.9,32
1001805_xfmr_b,1,182002.2,wye,7.19956121359083,10,1,0.006500000000000001,-1,0,1.1,0.9,32
1001805_xfmr_b,2,x_1001805.2,wye,0.24,10,1,0.006500000000000001,-1,0,1.1,0.9,32
1001805_xfmr_c,1,182002.3,wye,7.19956121359083,10,1,0.006500000000000001,-1,0,1.1,0.9,32
1001805_xfmr_c,2,x_1001805.3,wye,0.24,10,1,0.006500000000000001,-1,0,1.1,0.9,32
1002055_xfmr_a,1,182007.1,wye,7.19956121359083,25,1,0.005500000000000001,-1,0,1.1,0.9,32
1002055_xfmr_a,2,x_1002055.1,wye,0.24,25,1,0.005500000000000001,-1,0,1.1,0.9,32
1002055_xfmr_b,1,182007.2,wye,7.19956121359083,25,1,0.005500000000000001,-1,0,1.1,0.9,32
1002055_xfmr_b,2,x_1002055.2,wye,0.24,25,1,0.005500000000000001,-1,0,1.1,0.9,32
1002055_xfmr_c,1,182007.3,wye,7.19956121359083,25,1,0.005500000000000001,-1,0,1.1,0.9,32
1002055_xfmr_c,2,x_1002055.3,wye,0.24,25,1,0.005500000000000001,-1,0,1.1,0.9,32
1000918_xfmr_c,1,182018.3,wye,7.19956121359083,10,1,0.006500000000000001,-1,0,1.1,0.9,32
1000918_xfmr_c,2,x_1000918.3,wye,0.24,10,1,0.006500000000000001,-1,0,1.1,0.9,32
1000538_xfmr_a,1,182019.1,wye,7.19956121359083,15,1,0.006500000000000001,-1,0,1.1,0.9,32
1000538_xfmr_a,2,x_1000538.1,wye,0.24,15,1,0.006500000000000001,-1,0,1.1,0.9,32
1000538_xfmr_b,1,182019.2,wye,7.19956121359083,15,1,0.006500000000000001,-1,0,1.1,0.9,32
1000538_xfmr_b,2,x_1000538.2,wye,0.24,15,1,0.006500000000000001,-1,0,1.1,0.9,32
1000538_xfmr_c,1,182019.3,wye,7.19956121359083,15,1,0.006500000000000001,-1,0,1.1,0.9,32
1000538_xfmr_c,2,x_1000538.3,wye,0.24,15,1,0.006500000000000001,-1,0,1.1,0.9,32
1000087_xfmr_a,1,182020.1,wye,7.19956121359083,15,1,0.006500000000000001,-1,0,1.1,0.9,32
1000087_xfmr_a,2,x_1000087.1,wye,0.24,15,1,0.006500000000000001,-1,0,1.1,0.9,32
1000087_xfmr_b,1,182020.2,wye,7.19956121359083,15,1,0.006500000000000001,-1,0,1.1,0.9,32
1000087_xfmr_b,2,x_1000087.2,wye,0.24,15,1,0.006500000000000001,-1,0,1.1,0.9,32
1000087_xfmr_c,1,182020.3,wye,7.19956121359083,15,1,0.006500000000000001,-1,0,1.1,0.9,32
1000087_xfmr_c,2,x_1000087.3,wye,0.24,15,1,0.006500000000000001,-1,0,1.1,0.9,32
1000070_xfmr_b,1,182021.2,wye,7.19956121359083,100,1,0.004,-1,0,1.1,0.9,32
1000070_xfmr_b,2,x_1000070.2,wye,0.24,100,1,0.004,-1,0,1.1,0.9,32
1000071_xfmr_a,1,182022.1,wye,7.19956121359083,15,1,0.006500000000000001,-1,0,1.1,0.9,32
1000071_xfmr_a,2,x_1000071.1,wye,0.24,15,1,0.006500000000000001,-1,0,1.1,0.9,32
1000071_xfmr_b,1,182022.2,wye,7.19956121359083,15,1,0.006500000000000001,-1,0,1.1,0.9,32
1000071_xfmr_b,2,x_1000071.2,wye,0.24,15,1,0.006500000000000001,-1,0,1.1,0.9,32
1000071_xfmr_c,1,182022.3,wye,7.19956121359083,15,1,0.006500000000000001,-1,0,1.1,0.9,32
1000071_xfmr_c,2,x_1000071.3,wye,0.24,15,1,0.006500000000000001,-1,0,1.1,0.9,32
1000119_xfmr_b,1,182026.2,wye,7.19956121359083,10,1,0.006500000000000001,-1,0,1.1,0.9,32
1000119_xfmr_b,2,x_1000119.2,wye,0.24,10,1,0.006500000000000001,-1,0,1.1,0.9,32
1002001_xfmr_abc,1,182027.1.2.3,delta,12.47,150,1,0.0051,-1,0,1.1,0.9,32
1002001_xfmr_abc,2,x_1002001.1.2.3,wye,0.208,150,1,0.0051,-1,0,1.1,0.9,32
1000330_xfmr_c,1,182153.3,wye,7.19956121359083,50,1,0.004500000000000001,-1,0,1.1,0.9,32
1000330_xfmr_c,2,x_1000330.3,wye,0.24,50,1,0.004500000000000001,-1,0,1.1,0.9,32
1000331_xfmr_a,1,182154.1,wye,7.19956121359083,15,1,0.006500000000000001,-1,0,1.1,0.9,32
1000331_xfmr_a,2,x_1000331.1,wye,0.24,15,1,0.006500000000000001,-1,0,1.1,0.9,32
1000331_xfmr_b,1,182154.2,wye,7.19956121359083,15,1,0.006500000000000001,-1,0,1.1,0.9,32
1000331_xfmr_b,2,x_1000331.2,wye,0.24,15,1,0.006500000000000001,-1,0,1.1,0.9,32
1000331_xfmr_c,1,182154.3,wye,7.19956121359083,15,1,0.006500000000000001,-1,0,1.1,0.9,32
1000331_xfmr_c,2,x_1000331.3,wye,0.24,15,1,0.006500000000000001,-1,0,1.1,0.9,32
1000277_xfmr_c,1,182155.3,wye,7.19956121359083,25,1,0.005500000000000001,-1,0,1.1,0.9,32
1000277_xfmr_c,2,x_1000277.3,wye,0.24,25,1,0.005500000000000001,-1,0,1.1,0.9,32
1000256_xfmr_a,1,182156.1,wye,7.19956121359083,10,1,0.006500000000000001,-1,0,1.1,0.9,32
1000256_xfmr_a,2,x_1000256.1,wye,0.24,10,1,0.006500000000000001,-1,0,1.1,0.9,32
1000256_xfmr_b,1,182156.2,wye,7.19956121359083,10,1,0.006500000000000001,-1,0,1.1,0.9,32
1000256_xfmr_b,2,x_1000256.2,wye,0.24,10,1,0.006500000000000001,-1,0,1.1,0.9,32
1000256_xfmr_c,1,182156.3,wye,7.19956121359083,10,1,0.006500000000000001,-1,0,1.1,0.9,32
1000256_xfmr_c,2,x_1000256.3,wye,0.24,10,1,0.006500000000000001,-1,0,1.1,0.9,32
1001523_xfmr_a,1,182159.1,wye,7.19956121359083,25,1,0.005500000000000001,-1,0,1.1,0.9,32
1001523_xfmr_a,2,x_1001523.1,wye,0.24,25,1,0.005500000000000001,-1,0,1.1,0.9,32
1001523_xfmr_b,1,182159.2,wye,7.19956121359083,25,1,0.005500000000000001,-1,0,1.1,0.9,32
1001523_xfmr_b,2,x_1001523.2,wye,0.24,25,1,0.005500000000000001,-1,0,1.1,0.9,32
1001523_xfmr_c,1,182159.3,wye,7.19956121359083,25,1,0.005500000000000001,-1,0,1.1,0.9,32
1001523_xfmr_c,2,x_1001523.3,wye,0.24,25,1,0.005500000000000001,-1,0,1.1,0.9,32
1001522_xfmr_abc,1,182160.1.2.3,delta,12.47,300,1,0.00349,-1,0,1.1,0.9,32
1001522_xfmr_abc,2,x_1001522.1.2.3,wye,0.208,300,1,0.00349,-1,0,1.1,0.9,32
1001524_xfmr_abc,1,182161.1.2.3,delta,12.47,150,1,0.0051,-1,0,1.1,0.9,32
1001524_xfmr_abc,2,x_1001524.1.2.3,wye,0.208,150,1,0.0051,-1,0,1.1,0.9,32
1001525_xfmr_abc,1,182162.1.2.3,delta,12.47,150,1,0.0051,-1,0,1.1,0.9,32
1001525_xfmr_abc,2,x_1001525.1.2.3,wye,0.208,150,1,0.0051,-1,0,1.1,0.9,32
1001214_xfmr_b,1,189948.2,wye,7.19956121359083,100,1,0.004,-1,0,1.1,0.9,32
1001214_xfmr_b,2,x_1001214.2,wye,0.24,100,1,0.004,-1,0,1.1,0.9,32
1001215_xfmr_b,1,189949.2,wye,7.19956121359083,100,1,0.004,-1,0,1.1,0.9,32
1001215_xfmr_b,2,x_1001215.2,wye,0.24,100,1,0.004,-1,0,1.1,0.9,32
1001216_xfmr_b,1,189950.2,wye,7.19956121359083,100,1,0.004,-1,0,1.1,0.9,32
1001216_xfmr_b,2,x_1001216.2,wye,0.24,100,1,0.004,-1,0,1.1,0.9,32
1001217_xfmr_a,1,189951.1,wye,7.19956121359083,100,1,0.004,-1,0,1.1,0.9,32
1001217_xfmr_a,2,x_1001217.1,wye,0.24,100,1,0.004,-1,0,1.1,0.9,32
1001218_xfmr_a,1,194048.1,wye,7.19956121359083,100,1,0.004,-1,0,1.1,0.9,32
1001218_xfmr_a,2,x_1001218.1,wye,0.24,100,1,0.004,-1,0,1.1,0.9,32
1001220_xfmr_a,1,194049.1,wye,7.19956121359083,100,1,0.004,-1,0,1.1,0.9,32
1001220_xfmr_a,2,x_1001220.1,wye,0.24,100,1,0.004,-1,0,1.1,0.9,32
1001213_xfmr_b,1,194050.2,wye,7.19956121359083,75,1,0.004,-1,0,1.1,0.9,32
1001213_xfmr_b,2,x_1001213.2,wye,0.24,75,1,0.004,-1,0,1.1,0.9,32
1001227_xfmr_c,1,194051.3,wye,7.19956121359083,100,1,0.004,-1,0,1.1,0.9,32
1001227_xfmr_c,2,x_1001227.3,wye,0.24,100,1,0.004,-1,0,1.1,0.9,32
1001226_xfmr_c,1,194052.3,wye,7.19956121359083,100,1,0.004,-1,0,1.1,0.9,32
1001226_xfmr_c,2,x_1001226.3,wye,0.24,100,1,0.004,-1,0,1.1,0.9,32
1001225_xfmr_c,1,194053.3,wye,7.19956121359083,100,1,0.004,-1,0,1.1,0.9,32
1001225_xfmr_c,2,x_1001225.3,wye,0.24,100,1,0.004,-1,0,1.1,0.9,32
1001223_xfmr_a,1,194054.1,wye,7.19956121359083,100,1,0.004,-1,0,1.1,0.9,32
1001223_xfmr_a,2,x_1001223.1,wye,0.24,100,1,0.004,-1,0,1.1,0.9,32
1001222_xfmr_a,1,194055.1,wye,7.19956121359083,100,1,0.004,-1,0,1.1,0.9,32
1001222_xfmr_a,2,x_1001222.1,wye,0.24,100,1,0.004,-1,0,1.1,0.9,32
1001221_xfmr_a,1,194056.1,wye,7.19956121359083,100,1,0.004,-1,0,1.1,0.9,32
1001221_xfmr_a,2,x_1001221.1,wye,0.24,100,1,0.004,-1,0,1.1,0.9,32
1001219_xfmr_a,1,194057.1,wye,7.19956121359083,75,1,0.004,-1,0,1.1,0.9,32
1001219_xfmr_a,2,x_1001219.1,wye,0.24,75,1,0.004,-1,0,1.1,0.9,32
1001224_xfmr_c,1,194058.3,wye,7.19956121359083,100,1,0.004,-1,0,1.1,0.9,32
1001224_xfmr_c,2,x_1001224.3,wye,0.24,100,1,0.004,-1,0,1.1,0.9,32
1001228_xfmr_b,1,194059.2,wye,7.19956121359083,100,1,0.004,-1,0,1.1,0.9,32
1001228_xfmr_b,2,x_1001228.2,wye,0.24,100,1,0.004,-1,0,1.1,0.9,32
1001229_xfmr_b,1,194060.2,wye,7.19956121359083,100,1,0.004,-1,0,1.1,0.9,32
1001229_xfmr_b,2,x_1001229.2,wye,0.24,100,1,0.004,-1,0,1.1,0.9,32
1001230_xfmr_b,1,194061.2,wye,7.19956121359083,100,1,0.004,-1,0,1.1,0.9,32
1001230_xfmr_b,2,x_1001230.2,wye,0.24,100,1,0.004,-1,0,1.1,0.9,32
1001234_xfmr_c,1,194062.3,wye,7.19956121359083,100,1,0.004,-1,0,1.1,0.9,32
1001234_xfmr_c,2,x_1001234.3,wye,0.24,100,1,0.004,-1,0,1.1,0.9,32
1001233_xfmr_c,1,194063.3,wye,7.19956121359083,50,1,0.004500000000000001,-1,0,1.1,0.9,32
1001233_xfmr_c,2,x_1001233.3,wye,0.24,50,1,0.004500000000000001,-1,0,1.1,0.9,32
1001232_xfmr_c,1,194064.3,wye,7.19956121359083,100,1,0.004,-1,0,1.1,0.9,32
1001232_xfmr_c,2,x_1001232.3,wye,0.24,100,1,0.004,-1,0,1.1,0.9,32
1001231_xfmr_c,1,194065.3,wye,7.19956121359083,100,1,0.004,-1,0,1.1,0.9,32
1001231_xfmr_c,2,x_1001231.3,wye,0.24,100,1,0.004,-1,0,1.1,0.9,32
1000916_xfmr_b,1,210023.2,wye,7.19956121359083,25,1,0.005500000000000001,-1,0,1.1,0.9,32
1000916_xfmr_b,2,x_1000916.2,wye,0.24,25,1,0.005500000000000001,-1,0,1.1,0.9,32
1001637_xfmr_abc,1,221730.1.2.3,delta,12.47,150,1,0.0051,-1,0,1.1,0.9,32
1001637_xfmr_abc,2,x_1001637.1.2.3,wye,0.208,150,1,0.0051,-1,0,1.1,0.9,32
1003053_xfmr_c,1,232497.3,wye,7.19956121359083,15,1,0.006500000000000001,-1,0,1.1,0.9,32
1003053_xfmr_c,2,x_1003053.3,wye,0.24,15,1,0.006500000000000001,-1,0,1.1,0.9,32
1001557_xfmr_b,1,232292.2,wye,7.19956121359083,50,1,0.004500000000000001,-1,0,1.1,0.9,32
1001557_xfmr_b,2,x_1001557.2,wye,0.24,50,1,0.004500000000000001,-1,0,1.1,0.9,32
1000801_xfmr_a,1,232293.1,wye,7.19956121359083,37,1,0.005,-1,0,1.1,0.9,32
1000801_xfmr_a,2,x_1000801.1,wye,0.24,37,1,0.005,-1,0,1.1,0.9,32
1003127_xfmr_b,1,273626.2,wye,7.19956121359083,10,1,0.006500000000000001,-1,0,1.1,0.9,32
1003127_xfmr_b,2,x_1003127.2,wye,0.24,10,1,0.006500000000000001,-1,0,1.1,0.9,32
1003133_xfmr_b,1,275354.2,wye,7.19956121359083,25,1,0.005500000000000001,-1,0,1.1,0.9,32
1003133_xfmr_b,2,x_1003133.2,wye,0.24,25,1,0.005500000000000001,-1,0,1.1,0.9,32
1003134_xfmr_abc,1,280600.1.2.3,delta,12.47,150,1,0.0051,-1,0,1.1,0.9,32
1003134_xfmr_abc,2,x_1003134.1.2.3,wye,0.208,150,1,0.0051,-1,0,1.1,0.9,32
1003125_xfmr_a,1,282275.1,wye,7.19956121359083,15,1,0.006500000000000001,-1,0,1.1,0.9,32
1003125_xfmr_a,2,x_1003125.1,wye,0.24,15,1,0.006500000000000001,-1,0,1.1,0.9,32
1003130_xfmr_abc,1,283567.1.2.3,delta,12.47,500.01,1,0.005500000000000001,-1,0,1.1,0.9,32
1003130_xfmr_abc,2,x_1003130.1.2.3,wye,0.208,500.01,1,0.005500000000000001,-1,0,1.1,0.9,32
1003140_xfmr_abc,1,283956.1.2.3,delta,12.47,500.01,1,0.005500000000000001,-1,0,1.1,0.9,32
1003140_xfmr_abc,2,x_1003140.1.2.3,wye,0.208,500.01,1,0.005500000000000001,-1,0,1.1,0.9,32
1007732_xfmr_a,1,287275.1,wye,7.19956121359083,25,1,0.005500000000000001,-1,0,1.1,0.9,32
1007732_xfmr_a,2,x_1007732.1,wye,0.24,25,1,0.005500000000000001,-1,0,1.1,0.9,32
1007732_xfmr_b,1,287275.2,wye,7.19956121359083,25,1,0.005500000000000001,-1,0,1.1,0.9,32
1007732_xfmr_b,2,x_1007732.2,wye,0.24,25,1,0.005500000000000001,-1,0,1.1,0.9,32
1007732_xfmr_c,1,287275.3,wye,7.19956121359083,25,1,0.005500000000000001,-1,0,1.1,0.9,32
1007732_xfmr_c,2,x_1007732.3,wye,0.24,25,1,0.005500000000000001,-1,0,1.1,0.9,32
1007805_xfmr_a,1,315933.1,wye,7.19956121359083,25,1,0.005500000000000001,-1,0,1.1,0.9,32
1007805_xfmr_a,2,x_1007805.1,wye,0.24,25,1,0.005500000000000001,-1,0,1.1,0.9,32
1007805_xfmr_b,1,315933.2,wye,7.19956121359083,25,1,0.005500000000000001,-1,0,1.1,0.9,32
1007805_xfmr_b,2,x_1007805.2,wye,0.24,25,1,0.005500000000000001,-1,0,1.1,0.9,32
1007805_xfmr_c,1,315933.3,wye,7.19956121359083,25,1,0.005500000000000001,-1,0,1.1,0.9,32
1007805_xfmr_c,2,x_1007805.3,wye,0.24,25,1,0.005500000000000001,-1,0,1.1,0.9,32
